code,
"533845161"
"533845154"
"533845153"
"533845152"
"533845151"
"533845344"
"533845343"
"533845342"
"533845341"
"533845334"
"533845333"
"533845332"
"533845331"
"533845364"
"533845363"
"533845362"
"533845361"
"533845354"
"533845353"
"533845352"
"533845351"
"533845404"
"533845403"
"533845402"
"533845401"
"533845264"
"533845263"
"533845262"
"533845261"
"533845254"
"533845253"
"533845252"
"533845251"
"533845273"
"533845271"
"533845304"
"533845324"
"533845323"
"533845322"
"533845321"
"533845314"
"533845313"
"533845312"
"533845504"
"533845503"
"533845502"
"533845501"
"533854594"
"533845524"
"533845523"
"533854592"
"533845522"
"533845521"
"533845514"
"533845513"
"533845512"
"533845511"
"533845544"
"533845543"
"533845542"
"533845541"
"533845534"
"533845533"
"533845532"
"533845531"
"533845563"
"533845561"
"533845554"
"533845553"
"533845552"
"533845551"
"533845424"
"533845423"
"533845422"
"533845421"
"533845414"
"533845413"
"533845412"
"533845411"
"533845444"
"533845443"
"533845442"
"533845441"
"533845434"
"533845433"
"533845432"
"533845431"
"533845464"
"533845463"
"533845462"
"533845461"
"533845454"
"533845453"
"533845452"
"533845451"
"533865484"
"533865483"
"533865482"
"533865481"
"533865474"
"533865473"
"533865472"
"533865471"
"533865494"
"533865493"
"533865492"
"533865491"
"533865544"
"533865543"
"533865542"
"533865541"
"533865394"
"533865393"
"533865392"
"533865391"
"533865422"
"533865444"
"533865443"
"533865442"
"533865441"
"533865432"
"533865431"
"533865464"
"533865463"
"533865462"
"533865461"
"533865454"
"533865453"
"533865452"
"533865451"
"533865644"
"533865642"
"533865664"
"533865663"
"533865662"
"533865661"
"533865654"
"533865653"
"533865652"
"533865651"
"533865684"
"533865683"
"533865682"
"533865681"
"533865674"
"533865673"
"533856414"
"533865672"
"533856413"
"533865671"
"533856412"
"533856411"
"533856404"
"533856403"
"533856402"
"533865694"
"533856401"
"533865693"
"533865692"
"533865691"
"533865564"
"533865563"
"533856424"
"533865562"
"533856423"
"533865561"
"533856422"
"533865554"
"533856421"
"533865553"
"533865552"
"533865551"
"533865584"
"533865583"
"533865582"
"533865581"
"533865574"
"533865573"
"533865572"
"533865571"
"533865594"
"533865593"
"533865592"
"533865591"
"533865794"
"533865793"
"533865792"
"533865791"
"533856524"
"533856523"
"533856522"
"533856521"
"533865864"
"533865863"
"533865862"
"533865861"
"533865764"
"533865763"
"533865762"
"533865761"
"533865754"
"533865753"
"533865752"
"533865751"
"533865784"
"533865783"
"533865782"
"533865781"
"533865774"
"533865773"
"533856514"
"533865772"
"533856513"
"533865771"
"533856512"
"533856511"
"533856504"
"533856503"
"533856502"
"533856501"
"533856714"
"533856713"
"533856712"
"533866004"
"533856711"
"533866003"
"533856704"
"533866002"
"533856703"
"533866001"
"533856702"
"533856701"
"533866024"
"533866023"
"533856724"
"533866022"
"533856723"
"533866021"
"533856722"
"533866014"
"533856721"
"533866013"
"533866012"
"533866011"
"533865884"
"533865883"
"533865882"
"533865881"
"533865874"
"533865873"
"533856614"
"533865872"
"533856613"
"533865871"
"533856612"
"533856611"
"533856604"
"533856603"
"533856602"
"533856601"
"533865893"
"533865892"
"533865891"
"533856624"
"533856623"
"533856622"
"533856621"
"533855574"
"533855573"
"533855572"
"533855571"
"533855564"
"533855563"
"533855562"
"533855561"
"533855594"
"533855593"
"533855592"
"533855591"
"533855584"
"533855583"
"533855582"
"533855581"
"533855614"
"533855613"
"533855612"
"533855611"
"533855604"
"533855602"
"533855601"
"533855634"
"533855633"
"533855632"
"533855631"
"533855624"
"533855623"
"533855622"
"533855621"
"533855494"
"533855493"
"533855492"
"533855491"
"533855484"
"533855483"
"533855482"
"533855481"
"533855514"
"533855513"
"533855512"
"533855511"
"533855504"
"533855503"
"533855502"
"533855501"
"533855534"
"533855533"
"533855532"
"533855531"
"533855524"
"533855523"
"533855522"
"533855521"
"533855554"
"533855553"
"533855552"
"533865004"
"533855551"
"533855544"
"533865002"
"533855543"
"533855542"
"533855541"
"533855734"
"533855733"
"533855732"
"533865024"
"533855731"
"533865023"
"533855724"
"533865022"
"533855723"
"533865021"
"533855722"
"533865014"
"533855721"
"533865013"
"533855754"
"533865012"
"533855753"
"533865011"
"533855752"
"533865044"
"533855751"
"533865043"
"533855744"
"533865042"
"533855743"
"533865041"
"533855742"
"533865034"
"533855741"
"533865033"
"533855774"
"533865032"
"533855773"
"533865031"
"533855772"
"533865064"
"533855771"
"533865063"
"533855764"
"533865062"
"533855763"
"533865061"
"533855762"
"533865054"
"533855761"
"533865053"
"533855794"
"533865052"
"533855793"
"533865051"
"533855792"
"533855791"
"533855784"
"533855783"
"533855782"
"533855781"
"533855654"
"533855653"
"533855652"
"533855651"
"533855644"
"533855643"
"533855642"
"533855641"
"533855674"
"533855673"
"533855672"
"533855671"
"533855664"
"533855663"
"533855662"
"533855661"
"533855694"
"533855693"
"533855692"
"533855691"
"533855684"
"533855683"
"533855682"
"533855681"
"533855714"
"533855713"
"533855712"
"533865164"
"533855711"
"533865163"
"533855704"
"533865162"
"533865161"
"533855702"
"533865154"
"533865153"
"533855894"
"533865152"
"533855893"
"533865151"
"533855892"
"533865184"
"533855891"
"533865183"
"533855884"
"533865182"
"533855883"
"533865181"
"533855882"
"533865174"
"533855881"
"533865173"
"533855914"
"533865172"
"533855913"
"533865171"
"533855912"
"533855911"
"533855904"
"533855902"
"533865194"
"533865193"
"533855934"
"533865192"
"533855933"
"533865191"
"533855932"
"533865224"
"533855931"
"533865223"
"533855924"
"533865222"
"533855923"
"533865221"
"533855922"
"533865214"
"533855921"
"533865213"
"533855954"
"533865212"
"533855953"
"533865211"
"533855952"
"533865084"
"533855951"
"533865083"
"533855944"
"533865082"
"533855943"
"533865081"
"533855942"
"533865074"
"533855941"
"533865073"
"533855814"
"533865072"
"533855813"
"533865071"
"533855812"
"533855811"
"533855804"
"533865102"
"533855802"
"533865094"
"533865093"
"533855834"
"533865092"
"533855833"
"533865091"
"533855832"
"533865124"
"533855831"
"533865123"
"533855824"
"533865122"
"533855823"
"533865121"
"533855822"
"533865114"
"533855821"
"533865113"
"533855854"
"533865112"
"533855853"
"533865111"
"533855852"
"533865144"
"533855851"
"533865143"
"533855844"
"533865142"
"533855843"
"533865141"
"533855842"
"533865134"
"533855841"
"533865133"
"533855874"
"533865132"
"533855873"
"533865131"
"533855872"
"533865324"
"533855871"
"533855864"
"533865322"
"533855863"
"533865321"
"533855862"
"533855861"
"533865344"
"533865343"
"533865342"
"533865341"
"533865334"
"533865333"
"533865332"
"533865331"
"533865364"
"533865363"
"533865362"
"533865361"
"533865354"
"533865353"
"533865352"
"533865351"
"533865384"
"533865383"
"533865382"
"533865381"
"533865374"
"533865373"
"533865372"
"533865371"
"533865244"
"533865243"
"533865242"
"533865241"
"533865234"
"533865233"
"533855974"
"533865232"
"533855973"
"533865231"
"533855972"
"533865264"
"533855971"
"533865263"
"533855964"
"533865262"
"533855963"
"533865261"
"533855962"
"533865254"
"533855961"
"533865253"
"533855994"
"533865252"
"533855993"
"533865251"
"533855992"
"533865284"
"533855991"
"533865283"
"533855984"
"533865282"
"533855983"
"533865281"
"533855982"
"533865274"
"533855981"
"533865273"
"533865272"
"533865271"
"533865294"
"533865293"
"533865292"
"533865291"
"533866802"
"533866801"
"533866704"
"533866703"
"533866702"
"533866701"
"533866723"
"533866722"
"533866721"
"533866714"
"533866713"
"533866712"
"533866711"
"533866731"
"533866124"
"533866123"
"533866122"
"533866121"
"533866114"
"533866113"
"533866112"
"533866111"
"533866133"
"533866131"
"533856914"
"533856913"
"533856912"
"533856911"
"533856904"
"533856903"
"533856902"
"533856901"
"533866033"
"533866031"
"533856814"
"533856813"
"533856812"
"533866104"
"533856811"
"533866103"
"533856804"
"533866102"
"533856803"
"533866101"
"533856802"
"533856801"
"533856824"
"533856823"
"533856822"
"533856821"
"533866304"
"533866303"
"533866302"
"533866301"
"533866324"
"533866323"
"533866322"
"533866321"
"533866314"
"533866313"
"533866312"
"533866311"
"533866333"
"533866331"
"533866204"
"533866203"
"533866202"
"533866201"
"533856933"
"533866224"
"533866223"
"533856924"
"533866222"
"533856923"
"533866221"
"533856922"
"533866214"
"533856921"
"533866213"
"533866212"
"533866211"
"533866233"
"533866231"
"533866433"
"533866431"
"533866504"
"533866503"
"533866502"
"533866501"
"533866404"
"533866403"
"533866402"
"533866401"
"533866424"
"533866423"
"533866422"
"533866421"
"533866414"
"533866413"
"533866412"
"533866411"
"533866604"
"533866603"
"533866602"
"533866601"
"533866624"
"533866623"
"533866622"
"533866621"
"533866614"
"533866613"
"533866612"
"533866611"
"533866633"
"533866631"
"533866524"
"533866523"
"533866522"
"533866521"
"533866514"
"533866513"
"533866512"
"533866511"
"533866533"
"533866531"
"533844594"
"533844592"
"533844694"
"533844693"
"533844692"
"533844691"
"533844684"
"533844683"
"533844682"
"533844681"
"533844884"
"533844883"
"533844882"
"533844881"
"533844874"
"533844872"
"533854194"
"533854193"
"533844894"
"533854192"
"533844893"
"533854191"
"533844892"
"533854184"
"533844891"
"533854182"
"533844784"
"533844783"
"533844782"
"533854074"
"533844781"
"533844774"
"533854072"
"533844772"
"533854094"
"533854093"
"533844794"
"533854092"
"533844793"
"533854091"
"533844792"
"533854084"
"533844791"
"533854083"
"533854082"
"533854081"
"533845664"
"533845663"
"533845661"
"533845654"
"533845653"
"533845652"
"533845651"
"533845704"
"533845703"
"533845702"
"533845701"
"533845724"
"533845723"
"533845722"
"533845721"
"533845714"
"533845713"
"533845712"
"533845711"
"533845604"
"533845603"
"533845602"
"533845601"
"533845624"
"533845623"
"533845622"
"533845621"
"533845614"
"533845613"
"533845612"
"533845611"
"533845644"
"533845643"
"533845642"
"533845641"
"533845634"
"533845633"
"533845632"
"533845631"
"533845824"
"533845823"
"533845822"
"533845821"
"533845814"
"533845813"
"533845812"
"533845811"
"533845844"
"533845843"
"533845842"
"533845841"
"533845834"
"533845833"
"533845832"
"533845831"
"533845864"
"533845863"
"533845862"
"533845861"
"533855084"
"533845854"
"533855083"
"533845853"
"533845852"
"533855081"
"533845851"
"533855114"
"533855113"
"533855112"
"533855111"
"533855104"
"533855103"
"533855102"
"533845873"
"533855101"
"533855134"
"533845871"
"533845744"
"533855133"
"533845743"
"533855132"
"533845742"
"533855131"
"533845741"
"533855124"
"533845734"
"533855123"
"533845733"
"533855122"
"533845732"
"533855121"
"533845731"
"533855154"
"533855153"
"533845764"
"533845763"
"533855152"
"533855151"
"533845762"
"533845761"
"533855144"
"533845754"
"533855143"
"533845753"
"533855142"
"533845752"
"533855141"
"533845751"
"533855014"
"533855013"
"533855012"
"533855011"
"533855004"
"533855003"
"533855002"
"533855001"
"533855034"
"533845804"
"533855033"
"533845803"
"533855032"
"533845802"
"533855031"
"533845801"
"533855024"
"533855023"
"533855022"
"533855021"
"533855054"
"533855053"
"533855052"
"533855051"
"533855044"
"533855043"
"533845974"
"533855042"
"533845973"
"533855041"
"533845972"
"533855074"
"533845971"
"533855073"
"533855072"
"533855071"
"533855064"
"533855063"
"533855062"
"533855061"
"533855254"
"533855253"
"533855252"
"533855251"
"533855244"
"533855243"
"533855242"
"533855241"
"533855274"
"533855273"
"533855272"
"533855271"
"533855264"
"533855263"
"533855262"
"533855261"
"533845904"
"533855293"
"533845903"
"533845902"
"533855291"
"533845901"
"533855284"
"533855283"
"533855282"
"533855281"
"533855314"
"533845924"
"533855313"
"533845923"
"533855312"
"533845922"
"533855311"
"533845921"
"533855304"
"533845914"
"533855303"
"533845913"
"533855302"
"533845912"
"533855301"
"533845911"
"533855174"
"533845944"
"533855173"
"533845943"
"533855172"
"533845942"
"533855171"
"533845941"
"533855164"
"533845934"
"533855163"
"533845933"
"533855162"
"533845932"
"533855161"
"533845931"
"533855193"
"533845964"
"533845963"
"533855191"
"533845962"
"533845961"
"533855184"
"533845954"
"533855183"
"533845953"
"533855182"
"533845952"
"533855181"
"533855214"
"533845951"
"533855213"
"533855212"
"533855211"
"533855204"
"533855203"
"533855202"
"533855201"
"533855234"
"533855233"
"533855232"
"533855231"
"533855224"
"533855223"
"533855222"
"533855221"
"533855414"
"533855413"
"533855412"
"533855411"
"533855404"
"533855403"
"533855402"
"533855401"
"533855434"
"533855433"
"533855432"
"533855431"
"533855424"
"533855423"
"533855422"
"533855421"
"533855454"
"533855453"
"533855452"
"533855451"
"533855444"
"533855443"
"533855442"
"533855441"
"533855474"
"533855473"
"533855472"
"533855471"
"533855464"
"533855463"
"533855462"
"533855461"
"533855334"
"533855333"
"533855332"
"533855331"
"533855324"
"533855323"
"533855322"
"533855321"
"533855354"
"533855353"
"533855352"
"533855351"
"533855344"
"533855343"
"533855342"
"533855341"
"533855374"
"533855373"
"533855372"
"533855371"
"533855364"
"533855363"
"533855362"
"533855361"
"533845044"
"533855393"
"533845043"
"533845042"
"533855391"
"533845041"
"533855384"
"533845034"
"533855383"
"533845033"
"533855382"
"533845032"
"533855381"
"533845031"
"533854294"
"533854293"
"533845063"
"533854292"
"533854291"
"533845061"
"533854284"
"533845054"
"533845053"
"533854282"
"533845052"
"533845051"
"533844984"
"533844983"
"533844982"
"533844981"
"533844974"
"533844972"
"533844994"
"533844993"
"533844992"
"533844991"
"533835934"
"533835933"
"533845224"
"533845223"
"533845222"
"533845221"
"533845214"
"533835954"
"533845212"
"533835953"
"533845244"
"533845243"
"533835944"
"533845242"
"533835943"
"533845241"
"533845234"
"533845233"
"533845232"
"533845231"
"533854494"
"533854493"
"533854492"
"533835963"
"533854491"
"533845124"
"533845123"
"533845114"
"533845144"
"533845143"
"533845142"
"533845141"
"533845134"
"533845133"
"533845132"
"533845131"
"533854394"
"533845164"
"533854393"
"533845163"
"533854392"
"533854391"
