datetime,df_test_inversed_plt,predicted_test_plot_inversed_plt
2023-01-01 01:00:00,377.0,
2023-01-01 02:00:00,360.0,
2023-01-01 03:00:00,369.0,
2023-01-01 04:00:00,320.0,
2023-01-01 05:00:00,336.0,
2023-01-01 06:00:00,372.0,
2023-01-01 07:00:00,334.0,
2023-01-01 08:00:00,364.0,
2023-01-01 09:00:00,360.0,
2023-01-01 10:00:00,216.0,
2023-01-01 11:00:00,318.0,
2023-01-01 12:00:00,386.0,
2023-01-01 13:00:00,291.0,
2023-01-01 14:00:00,334.0,
2023-01-01 15:00:00,437.00000000000006,
2023-01-01 16:00:00,324.0,
2023-01-01 17:00:00,221.99999999999997,
2023-01-01 18:00:00,360.0,
2023-01-01 19:00:00,379.0,
2023-01-01 20:00:00,394.99999999999994,
2023-01-01 21:00:00,332.0,
2023-01-01 22:00:00,375.0,
2023-01-01 23:00:00,377.0,
2023-01-02 00:00:00,293.0,
2023-01-02 01:00:00,323.0,
2023-01-02 02:00:00,342.0,
2023-01-02 03:00:00,323.0,
2023-01-02 04:00:00,416.0,
2023-01-02 05:00:00,348.0,
2023-01-02 06:00:00,327.0,
2023-01-02 07:00:00,372.0,
2023-01-02 08:00:00,318.0,
2023-01-02 09:00:00,319.0,
2023-01-02 10:00:00,376.0,
2023-01-02 11:00:00,385.0,
2023-01-02 12:00:00,320.0,
2023-01-02 13:00:00,308.0,
2023-01-02 14:00:00,328.0,
2023-01-02 15:00:00,321.0,
2023-01-02 16:00:00,272.0,
2023-01-02 17:00:00,334.0,
2023-01-02 18:00:00,338.0,
2023-01-02 19:00:00,259.0,
2023-01-02 20:00:00,296.0,
2023-01-02 21:00:00,276.0,
2023-01-02 22:00:00,408.0,
2023-01-02 23:00:00,322.0,
2023-01-03 00:00:00,291.0,
2023-01-03 01:00:00,315.0,
2023-01-03 02:00:00,301.0,
2023-01-03 03:00:00,324.0,
2023-01-03 04:00:00,326.0,
2023-01-03 05:00:00,342.0,
2023-01-03 06:00:00,332.0,
2023-01-03 07:00:00,318.0,
2023-01-03 08:00:00,362.0,
2023-01-03 09:00:00,297.0,
2023-01-03 10:00:00,408.0,
2023-01-03 11:00:00,403.0,
2023-01-03 12:00:00,336.0,
2023-01-03 13:00:00,432.0,
2023-01-03 14:00:00,394.0,
2023-01-03 15:00:00,386.0,
2023-01-03 16:00:00,417.0,
2023-01-03 17:00:00,330.0,
2023-01-03 18:00:00,313.0,
2023-01-03 19:00:00,402.0,
2023-01-03 20:00:00,306.0,
2023-01-03 21:00:00,256.0,
2023-01-03 22:00:00,370.0,
2023-01-03 23:00:00,378.0,
2023-01-04 00:00:00,346.0,308.692946434021
2023-01-04 01:00:00,332.0,305.2364845275879
2023-01-04 02:00:00,293.0,306.25625824928284
2023-01-04 03:00:00,354.0,311.19858026504517
2023-01-04 04:00:00,312.0,322.8839542865753
2023-01-04 05:00:00,314.0,333.0082300901413
2023-01-04 06:00:00,317.0,343.39750492572784
2023-01-04 07:00:00,320.0,357.927836894989
2023-01-04 08:00:00,318.0,373.5586588382721
2023-01-04 09:00:00,340.0,390.4761289358139
2023-01-04 10:00:00,458.00000000000006,410.75767278671265
2023-01-04 11:00:00,473.0,430.8209298849106
2023-01-04 12:00:00,382.0,438.95056915283203
2023-01-04 13:00:00,417.0,438.14577555656433
2023-01-04 14:00:00,352.0,429.25593280792236
2023-01-04 15:00:00,341.0,414.397381067276
2023-01-04 16:00:00,410.0,397.6810476779938
2023-01-04 17:00:00,379.0,383.18020391464233
2023-01-04 18:00:00,353.0,366.75199127197266
2023-01-04 19:00:00,382.0,348.52850210666656
2023-01-04 20:00:00,345.0,335.72953498363495
2023-01-04 21:00:00,314.0,324.78398180007935
2023-01-04 22:00:00,286.0,322.8541946411133
2023-01-04 23:00:00,266.0,319.9544552564621
2023-01-05 00:00:00,271.0,317.26448929309845
2023-01-05 01:00:00,343.0,316.52378010749817
2023-01-05 02:00:00,380.0,318.35083973407745
2023-01-05 03:00:00,349.0,323.08185839653015
2023-01-05 04:00:00,347.0,330.9632785320282
2023-01-05 05:00:00,318.0,341.933434009552
2023-01-05 06:00:00,402.0,356.7972911596298
2023-01-05 07:00:00,345.0,369.08262062072754
2023-01-05 08:00:00,430.0,383.36542439460754
2023-01-05 09:00:00,430.0,397.31734335422516
2023-01-05 10:00:00,450.0,411.3228839635849
2023-01-05 11:00:00,481.99999999999994,421.51121950149536
2023-01-05 12:00:00,433.0,424.76819801330566
2023-01-05 13:00:00,393.0,428.47986245155334
2023-01-05 14:00:00,444.0,429.2019410133362
2023-01-05 15:00:00,338.0,421.20133423805237
2023-01-05 16:00:00,390.0,409.18041157722473
2023-01-05 17:00:00,359.0,389.64584469795227
2023-01-05 18:00:00,342.0,370.170747756958
2023-01-05 19:00:00,282.0,354.4120284318924
2023-01-05 20:00:00,343.0,339.6180546283722
2023-01-05 21:00:00,331.0,327.6225732564926
2023-01-05 22:00:00,288.0,322.4591760635376
2023-01-05 23:00:00,286.0,318.2126770019531
2023-01-06 00:00:00,354.0,315.606339097023
2023-01-06 01:00:00,340.0,312.9124002456665
2023-01-06 02:00:00,374.0,310.06327199935913
2023-01-06 03:00:00,327.0,311.8605719804764
2023-01-06 04:00:00,338.0,318.142991065979
2023-01-06 05:00:00,372.0,329.5015518665314
2023-01-06 06:00:00,385.0,343.1407971382141
2023-01-06 07:00:00,324.0,359.6922926902771
2023-01-06 08:00:00,460.99999999999994,376.4899592399597
2023-01-06 09:00:00,468.0,397.0940226316452
2023-01-06 10:00:00,481.99999999999994,424.4967337846756
2023-01-06 11:00:00,466.0,443.84568536281586
2023-01-06 12:00:00,417.0,447.82452034950256
2023-01-06 13:00:00,448.0,445.37085485458374
2023-01-06 14:00:00,470.0,432.1514525413513
2023-01-06 15:00:00,422.0,413.6576095819473
2023-01-06 16:00:00,406.0,398.6671875715256
2023-01-06 17:00:00,384.0,381.6384519338608
2023-01-06 18:00:00,416.0,363.974276304245
2023-01-06 19:00:00,314.0,349.2437700033188
2023-01-06 20:00:00,288.0,334.5075634717941
2023-01-06 21:00:00,390.0,321.9746811389923
2023-01-06 22:00:00,359.0,312.61993646621704
2023-01-06 23:00:00,316.0,307.0822241306305
2023-01-07 00:00:00,301.0,302.38024950027466
2023-01-07 01:00:00,272.0,303.75454795360565
2023-01-07 02:00:00,306.0,308.7989065647125
2023-01-07 03:00:00,380.0,315.90613174438477
2023-01-07 04:00:00,414.0,325.2267243862152
2023-01-07 05:00:00,294.0,335.8331261873245
2023-01-07 06:00:00,294.0,351.59712624549866
2023-01-07 07:00:00,345.0,368.00500559806824
2023-01-07 08:00:00,393.0,388.41168308258057
2023-01-07 09:00:00,430.0,407.2561025619507
2023-01-07 10:00:00,384.0,422.92653000354767
2023-01-07 11:00:00,384.0,442.01749062538147
2023-01-07 12:00:00,364.0,454.09277522563934
2023-01-07 13:00:00,363.0,449.6718145608902
2023-01-07 14:00:00,384.0,442.161057472229
2023-01-07 15:00:00,313.0,426.59019899368286
2023-01-07 16:00:00,345.0,406.85224986076355
2023-01-07 17:00:00,361.0,387.52906036376953
2023-01-07 18:00:00,321.0,369.7677093744278
2023-01-07 19:00:00,369.0,352.3962689638138
2023-01-07 20:00:00,364.0,340.73278284072876
2023-01-07 21:00:00,242.99999999999997,328.6449873447418
2023-01-07 22:00:00,317.0,317.3590489625931
2023-01-07 23:00:00,312.0,308.0781852006912
2023-01-08 00:00:00,331.0,303.17697393894196
2023-01-08 01:00:00,336.0,301.56437623500824
2023-01-08 02:00:00,353.0,305.0322632789612
2023-01-08 03:00:00,361.0,311.554178416729
2023-01-08 04:00:00,319.0,322.14946353435516
2023-01-08 05:00:00,356.0,335.07415652275085
2023-01-08 06:00:00,432.0,349.5561228990555
2023-01-08 07:00:00,344.0,365.5089461803436
2023-01-08 08:00:00,381.0,384.50110280513763
2023-01-08 09:00:00,380.0,404.15384459495544
2023-01-08 10:00:00,373.0,420.5471649169922
2023-01-08 11:00:00,370.0,433.0870306491852
2023-01-08 12:00:00,323.0,439.4150515794754
2023-01-08 13:00:00,357.0,442.95454931259155
2023-01-08 14:00:00,372.0,438.6382409334183
2023-01-08 15:00:00,299.0,426.9155069589615
2023-01-08 16:00:00,336.0,409.94234240055084
2023-01-08 17:00:00,295.0,388.7093782424927
2023-01-08 18:00:00,338.0,368.57720017433167
2023-01-08 19:00:00,258.0,347.92746090888977
2023-01-08 20:00:00,270.0,328.37026584148407
2023-01-08 21:00:00,342.0,321.73309993743896
2023-01-08 22:00:00,340.0,320.30932545661926
2023-01-08 23:00:00,353.0,319.0389143228531
2023-01-09 00:00:00,328.0,320.3680057525635
2023-01-09 01:00:00,337.0,321.490186214447
2023-01-09 02:00:00,348.0,325.90665578842163
2023-01-09 03:00:00,340.0,332.27161717414856
2023-01-09 04:00:00,346.0,342.01054751873016
2023-01-09 05:00:00,376.0,348.51261055469513
2023-01-09 06:00:00,306.0,355.9764086008072
2023-01-09 07:00:00,339.0,364.15685641765594
2023-01-09 08:00:00,433.0,373.2321664094925
2023-01-09 09:00:00,392.0,381.5565758943558
2023-01-09 10:00:00,385.0,388.1930755376816
2023-01-09 11:00:00,410.0,384.8126907348633
2023-01-09 12:00:00,414.0,376.2864536046982
2023-01-09 13:00:00,357.0,363.2170833349228
2023-01-09 14:00:00,352.0,359.7783143520355
2023-01-09 15:00:00,328.0,358.73860216140747
2023-01-09 16:00:00,445.0,360.69540989398956
2023-01-09 17:00:00,315.0,361.35848736763
2023-01-09 18:00:00,289.0,359.7690360546112
2023-01-09 19:00:00,373.0,359.99795830249786
2023-01-09 20:00:00,286.0,359.200666308403
2023-01-09 21:00:00,362.0,347.7958867549896
2023-01-09 22:00:00,323.0,340.41574144363403
2023-01-09 23:00:00,312.0,334.65964365005493
2023-01-10 00:00:00,322.0,334.30435395240784
2023-01-10 01:00:00,230.0,336.4602749347687
2023-01-10 02:00:00,313.0,341.6663621664047
2023-01-10 03:00:00,332.0,347.35647547245026
2023-01-10 04:00:00,341.0,349.34267270565033
2023-01-10 05:00:00,318.0,353.48965215682983
2023-01-10 06:00:00,350.0,360.9261828660965
2023-01-10 07:00:00,440.99999999999994,362.56661546230316
2023-01-10 08:00:00,483.99999999999994,365.9800171852112
2023-01-10 09:00:00,500.00000000000006,369.98108553886414
2023-01-10 10:00:00,460.00000000000006,373.56702411174774
2023-01-10 11:00:00,477.00000000000006,384.4254698753357
2023-01-10 12:00:00,360.0,391.09886062145233
2023-01-10 13:00:00,385.0,394.91722548007965
2023-01-10 14:00:00,428.0,391.47564339637756
2023-01-10 15:00:00,457.00000000000006,385.061970949173
2023-01-10 16:00:00,461.99999999999994,376.0836389064789
2023-01-10 17:00:00,409.0,365.8791650533676
2023-01-10 18:00:00,351.0,354.31653106212616
2023-01-10 19:00:00,306.0,337.57088220119476
2023-01-10 20:00:00,283.0,326.2334443330765
2023-01-10 21:00:00,376.0,319.8589332103729
2023-01-10 22:00:00,397.99999999999994,316.0117710828781
2023-01-10 23:00:00,317.0,315.92012321949005
2023-01-11 00:00:00,297.0,316.9192922115326
2023-01-11 01:00:00,404.0,321.32100534439087
2023-01-11 02:00:00,347.0,328.21290493011475
2023-01-11 03:00:00,310.0,336.5068885087967
2023-01-11 04:00:00,380.0,347.50581657886505
2023-01-11 05:00:00,360.0,360.8743625879288
2023-01-11 06:00:00,336.0,371.4447122812271
2023-01-11 07:00:00,343.0,387.23844730854034
2023-01-11 08:00:00,380.0,405.10904037952423
2023-01-11 09:00:00,441.99999999999994,418.1990647315979
2023-01-11 10:00:00,516.0,426.98916578292847
2023-01-11 11:00:00,478.00000000000006,431.5429344177246
2023-01-11 12:00:00,472.0,439.6265276670456
2023-01-11 13:00:00,448.0,439.05998396873474
2023-01-11 14:00:00,440.00000000000006,430.60614717006683
2023-01-11 15:00:00,485.0,417.94593501091003
2023-01-11 16:00:00,396.99999999999994,406.87322473526
2023-01-11 17:00:00,450.0,386.88296020030975
2023-01-11 18:00:00,367.0,366.64652466773987
2023-01-11 19:00:00,319.0,352.73899841308594
2023-01-11 20:00:00,314.0,337.6269714832306
2023-01-11 21:00:00,345.0,328.3985695838928
2023-01-11 22:00:00,378.0,321.2617574930191
2023-01-11 23:00:00,347.0,315.0370810031891
2023-01-12 00:00:00,371.0,312.8657126426697
2023-01-12 01:00:00,306.0,314.0721257328987
2023-01-12 02:00:00,297.0,319.68133771419525
2023-01-12 03:00:00,362.0,328.74100291728973
2023-01-12 04:00:00,326.0,337.7571390867233
2023-01-12 05:00:00,326.0,345.0275981426239
2023-01-12 06:00:00,304.0,349.7351002693176
2023-01-12 07:00:00,295.0,355.63629484176636
2023-01-12 08:00:00,467.0,363.3069051504135
2023-01-12 09:00:00,446.0,376.0201960802078
2023-01-12 10:00:00,386.0,389.7675483226776
2023-01-12 11:00:00,422.0,398.1757092475891
2023-01-12 12:00:00,367.0,398.2907255887985
2023-01-12 13:00:00,435.0,394.7209746837616
2023-01-12 14:00:00,397.99999999999994,388.20484614372253
2023-01-12 15:00:00,371.0,381.6055337190628
2023-01-12 16:00:00,448.0,374.19602358341217
2023-01-12 17:00:00,413.0,367.8980337381363
2023-01-12 18:00:00,392.0,357.59929633140564
2023-01-12 19:00:00,298.0,344.32698798179626
2023-01-12 20:00:00,314.0,334.32621717453003
2023-01-12 21:00:00,390.0,327.87693679332733
2023-01-12 22:00:00,267.0,325.18114721775055
2023-01-12 23:00:00,359.0,323.73782908916473
2023-01-13 00:00:00,329.0,321.4893225431442
2023-01-13 01:00:00,384.0,325.91193652153015
2023-01-13 02:00:00,288.0,330.0421607494354
2023-01-13 03:00:00,334.0,334.8149811029434
2023-01-13 04:00:00,350.0,343.38689410686493
2023-01-13 05:00:00,318.0,354.40334236621857
2023-01-13 06:00:00,406.0,369.75028789043427
2023-01-13 07:00:00,429.0,383.75205302238464
2023-01-13 08:00:00,501.99999999999994,396.74043560028076
2023-01-13 09:00:00,426.0,411.95501732826233
2023-01-13 10:00:00,326.0,425.2610088586807
2023-01-13 11:00:00,441.99999999999994,434.66320610046387
2023-01-13 12:00:00,409.0,436.93984365463257
2023-01-13 13:00:00,490.0,432.43068981170654
2023-01-13 14:00:00,417.0,421.5985736846924
2023-01-13 15:00:00,452.0,408.5881551504135
2023-01-13 16:00:00,523.0,390.7357485294342
2023-01-13 17:00:00,457.00000000000006,375.1355745792389
2023-01-13 18:00:00,360.0,357.60970973968506
2023-01-13 19:00:00,283.0,343.18116760253906
2023-01-13 20:00:00,317.0,331.26020872592926
2023-01-13 21:00:00,296.0,322.4003230333328
2023-01-13 22:00:00,245.0,316.9825129508972
2023-01-13 23:00:00,288.0,314.04645001888275
2023-01-14 00:00:00,281.0,312.82894492149353
2023-01-14 01:00:00,320.0,312.41260600090027
2023-01-14 02:00:00,325.0,313.9234138727188
2023-01-14 03:00:00,313.0,321.8709172010422
2023-01-14 04:00:00,270.0,330.6380692720413
2023-01-14 05:00:00,394.0,341.0077511072159
2023-01-14 06:00:00,360.0,351.5543621778488
2023-01-14 07:00:00,338.0,365.02432787418365
2023-01-14 08:00:00,354.0,384.80940878391266
2023-01-14 09:00:00,371.0,403.96270179748535
2023-01-14 10:00:00,377.0,414.372704744339
2023-01-14 11:00:00,392.0,423.4044363498688
2023-01-14 12:00:00,344.0,424.0680320262909
2023-01-14 13:00:00,373.0,422.7280583381653
2023-01-14 14:00:00,372.0,413.2482293844223
2023-01-14 15:00:00,367.0,398.2253826856613
2023-01-14 16:00:00,377.0,386.3860284090042
2023-01-14 17:00:00,310.0,371.94184148311615
2023-01-14 18:00:00,240.0,358.02101469039917
2023-01-14 19:00:00,247.0,343.2517912387848
2023-01-14 20:00:00,249.0,330.99432134628296
2023-01-14 21:00:00,352.0,323.19805920124054
2023-01-14 22:00:00,315.0,313.72543573379517
2023-01-14 23:00:00,326.0,310.30435967445374
2023-01-15 00:00:00,318.0,310.32867819070816
2023-01-15 01:00:00,412.0,314.3830597400665
2023-01-15 02:00:00,379.0,317.2940021753311
2023-01-15 03:00:00,275.0,326.65553283691406
2023-01-15 04:00:00,309.0,336.98790407180786
2023-01-15 05:00:00,308.0,347.8396625518799
2023-01-15 06:00:00,326.0,365.51790368556976
2023-01-15 07:00:00,325.0,381.9412797689438
2023-01-15 08:00:00,331.0,399.48170363903046
2023-01-15 09:00:00,251.99999999999997,409.102730512619
2023-01-15 10:00:00,355.0,412.4528374671936
2023-01-15 11:00:00,371.0,413.36921739578247
2023-01-15 12:00:00,356.0,410.2923513650894
2023-01-15 13:00:00,373.0,404.93211114406586
2023-01-15 14:00:00,306.0,395.6784406900406
2023-01-15 15:00:00,297.0,385.19717252254486
2023-01-15 16:00:00,377.0,379.7697880268097
2023-01-15 17:00:00,374.0,376.7705043554306
2023-01-15 18:00:00,300.0,370.01237511634827
2023-01-15 19:00:00,404.0,360.4389488697052
2023-01-15 20:00:00,315.0,353.4642848968506
2023-01-15 21:00:00,297.0,346.86376333236694
2023-01-15 22:00:00,324.0,342.6399418115616
2023-01-15 23:00:00,334.0,343.4608243703842
2023-01-16 00:00:00,330.0,345.264564871788
2023-01-16 01:00:00,317.0,349.7115590572357
2023-01-16 02:00:00,277.0,354.1802190542221
2023-01-16 03:00:00,333.0,357.1811807155609
2023-01-16 04:00:00,310.0,355.9593325853348
2023-01-16 05:00:00,274.0,360.50838804244995
2023-01-16 06:00:00,374.0,362.59847259521484
2023-01-16 07:00:00,350.0,365.0426870584488
2023-01-16 08:00:00,465.0,368.81547474861145
2023-01-16 09:00:00,480.00000000000006,377.0493714809418
2023-01-16 10:00:00,477.00000000000006,379.38059306144714
2023-01-16 11:00:00,464.0,376.044033408165
2023-01-16 12:00:00,402.0,369.72921431064606
2023-01-16 13:00:00,423.0,363.62441539764404
2023-01-16 14:00:00,457.00000000000006,357.43201553821564
2023-01-16 15:00:00,415.0,352.1443237066269
2023-01-16 16:00:00,424.0,345.4501801729202
2023-01-16 17:00:00,455.0,337.63521337509155
2023-01-16 18:00:00,323.0,332.3535672426224
2023-01-16 19:00:00,414.0,328.8303805589676
2023-01-16 20:00:00,235.0,328.09009087085724
2023-01-16 21:00:00,296.0,333.89346849918365
2023-01-16 22:00:00,315.0,338.26747012138367
2023-01-16 23:00:00,333.0,341.54604041576385
2023-01-17 00:00:00,396.99999999999994,341.80405604839325
2023-01-17 01:00:00,426.0,348.70449364185333
2023-01-17 02:00:00,352.0,352.52184677124023
2023-01-17 03:00:00,422.0,352.1395364999771
2023-01-17 04:00:00,299.0,355.75442039966583
2023-01-17 05:00:00,352.0,358.57689821720123
2023-01-17 06:00:00,339.0,361.6118391752243
2023-01-17 07:00:00,336.0,364.8645980358124
2023-01-17 08:00:00,394.99999999999994,366.43443167209625
2023-01-17 09:00:00,449.0,361.9701147079468
2023-01-17 10:00:00,477.00000000000006,365.2507578134537
2023-01-17 11:00:00,428.0,369.45224726200104
2023-01-17 12:00:00,367.0,372.5111982822418
2023-01-17 13:00:00,386.0,372.8454884290695
2023-01-17 14:00:00,498.00000000000006,369.5844383239746
2023-01-17 15:00:00,404.0,366.60516715049744
2023-01-17 16:00:00,455.0,367.45509374141693
2023-01-17 17:00:00,476.0,368.5103520154953
2023-01-17 18:00:00,316.0,363.2376387119293
2023-01-17 19:00:00,304.0,361.29445230960846
2023-01-17 20:00:00,220.0,356.0942380428314
2023-01-17 21:00:00,233.0,350.3542045354843
2023-01-17 22:00:00,290.0,347.56383061408997
2023-01-17 23:00:00,341.0,347.8620193004608
2023-01-18 00:00:00,286.0,351.0774675607681
2023-01-18 01:00:00,342.0,352.3126162290573
2023-01-18 02:00:00,330.0,354.3856987953186
2023-01-18 03:00:00,321.0,359.69779551029205
2023-01-18 04:00:00,280.0,363.7039225101471
2023-01-18 05:00:00,336.0,366.31522035598755
2023-01-18 06:00:00,314.0,370.1839249134064
2023-01-18 07:00:00,394.99999999999994,375.4814872741699
2023-01-18 08:00:00,413.0,386.4278054237366
2023-01-18 09:00:00,483.99999999999994,395.38373136520386
2023-01-18 10:00:00,473.0,399.20426774024963
2023-01-18 11:00:00,481.00000000000006,397.56235456466675
2023-01-18 12:00:00,425.0,388.5150521993637
2023-01-18 13:00:00,444.0,380.51901054382324
2023-01-18 14:00:00,380.0,376.2304630279541
2023-01-18 15:00:00,390.0,371.06171107292175
2023-01-18 16:00:00,437.00000000000006,365.40767455101013
2023-01-18 17:00:00,340.0,360.25355565547943
2023-01-18 18:00:00,347.0,351.8539080619812
2023-01-18 19:00:00,306.0,344.1575356721878
2023-01-18 20:00:00,345.0,331.1899552345276
2023-01-18 21:00:00,355.0,320.8741171360016
2023-01-18 22:00:00,362.0,313.3670861721039
2023-01-18 23:00:00,394.0,309.7129422426224
2023-01-19 00:00:00,390.0,311.43199360370636
2023-01-19 01:00:00,365.0,318.4106057882309
2023-01-19 02:00:00,334.0,324.10293996334076
2023-01-19 03:00:00,337.0,334.8277140855789
2023-01-19 04:00:00,326.0,342.8199062347412
2023-01-19 05:00:00,273.0,354.58987069129944
2023-01-19 06:00:00,378.0,368.164143204689
2023-01-19 07:00:00,345.0,378.49212205410004
2023-01-19 08:00:00,466.0,391.75571966171265
2023-01-19 09:00:00,450.0,409.30196714401245
2023-01-19 10:00:00,437.00000000000006,427.62001597881317
2023-01-19 11:00:00,508.0,441.415931224823
2023-01-19 12:00:00,375.0,445.39412462711334
2023-01-19 13:00:00,421.0,440.4599951505661
2023-01-19 14:00:00,427.0,431.0681619644165
2023-01-19 15:00:00,430.0,412.717515707016
2023-01-19 16:00:00,422.0,393.5615082979202
2023-01-19 17:00:00,449.0,378.2419288158417
2023-01-19 18:00:00,344.0,358.57924246788025
2023-01-19 19:00:00,313.0,341.6190083026886
2023-01-19 20:00:00,295.0,326.79653334617615
2023-01-19 21:00:00,296.0,315.55303823947906
2023-01-19 22:00:00,334.0,309.6303505897522
2023-01-19 23:00:00,371.0,308.943682551384
2023-01-20 00:00:00,404.0,308.8201405405998
2023-01-20 01:00:00,386.0,314.17675334215164
2023-01-20 02:00:00,370.0,322.1797660589218
2023-01-20 03:00:00,336.0,329.9629497528076
2023-01-20 04:00:00,368.0,341.39588499069214
2023-01-20 05:00:00,343.0,354.1585285663605
2023-01-20 06:00:00,289.0,368.0237842798233
2023-01-20 07:00:00,356.0,386.0352051258087
2023-01-20 08:00:00,439.00000000000006,401.4965007305145
2023-01-20 09:00:00,453.0,417.24335074424744
2023-01-20 10:00:00,486.0,424.79366397857666
2023-01-20 11:00:00,462.99999999999994,427.50406193733215
2023-01-20 12:00:00,423.0,425.294593334198
2023-01-20 13:00:00,421.0,418.54292929172516
2023-01-20 14:00:00,388.0,402.068275809288
2023-01-20 15:00:00,478.00000000000006,387.47721540927887
2023-01-20 16:00:00,416.0,374.106769323349
2023-01-20 17:00:00,366.0,359.4960912466049
2023-01-20 18:00:00,350.0,348.19547045230865
2023-01-20 19:00:00,399.0,337.7394461631775
2023-01-20 20:00:00,290.0,329.48474729061127
2023-01-20 21:00:00,318.0,322.61707985401154
2023-01-20 22:00:00,281.0,317.05575227737427
2023-01-20 23:00:00,358.0,314.4428504705429
2023-01-21 00:00:00,320.0,315.8128305673599
2023-01-21 01:00:00,348.0,319.50959050655365
2023-01-21 02:00:00,260.0,324.3667051792145
2023-01-21 03:00:00,375.0,329.7735096216202
2023-01-21 04:00:00,281.0,336.7982665300369
2023-01-21 05:00:00,301.0,346.39839255809784
2023-01-21 06:00:00,319.0,360.7382973432541
2023-01-21 07:00:00,354.0,372.8440818786621
2023-01-21 08:00:00,451.0,388.35806143283844
2023-01-21 09:00:00,399.0,399.2135707139969
2023-01-21 10:00:00,391.0,407.64171946048737
2023-01-21 11:00:00,466.0,414.6711401939392
2023-01-21 12:00:00,359.0,417.53359365463257
2023-01-21 13:00:00,397.99999999999994,413.51406741142273
2023-01-21 14:00:00,329.0,411.0227211713791
2023-01-21 15:00:00,366.0,403.81254637241364
2023-01-21 16:00:00,324.0,391.67638528347015
2023-01-21 17:00:00,285.0,379.1284010410309
2023-01-21 18:00:00,270.0,362.5635062456131
2023-01-21 19:00:00,286.0,344.3928737640381
2023-01-21 20:00:00,383.0,328.79442715644836
2023-01-21 21:00:00,372.0,317.3017998933792
2023-01-21 22:00:00,397.99999999999994,312.095576941967
2023-01-21 23:00:00,376.0,312.27757716178894
2023-01-22 00:00:00,392.0,315.29793441295624
2023-01-22 01:00:00,372.0,318.8734595775604
2023-01-22 02:00:00,405.0,325.5087994337082
2023-01-22 03:00:00,349.0,331.7457894086838
2023-01-22 04:00:00,361.0,341.2421268224716
2023-01-22 05:00:00,330.0,349.82793259620667
2023-01-22 06:00:00,309.0,357.11366629600525
2023-01-22 07:00:00,349.0,371.6579897403717
2023-01-22 08:00:00,364.0,388.47475576400757
2023-01-22 09:00:00,299.0,402.62225925922394
2023-01-22 10:00:00,407.0,419.170201420784
2023-01-22 11:00:00,384.0,431.65535974502563
2023-01-22 12:00:00,375.0,433.7588188648224
2023-01-22 13:00:00,333.0,427.0244035720825
2023-01-22 14:00:00,320.0,404.85924196243286
2023-01-22 15:00:00,319.0,393.6572277545929
2023-01-22 16:00:00,356.0,378.39539086818695
2023-01-22 17:00:00,326.0,361.7826486825943
2023-01-22 18:00:00,364.0,350.64851903915405
2023-01-22 19:00:00,330.0,339.7417323589325
2023-01-22 20:00:00,324.0,325.17848217487335
2023-01-22 21:00:00,299.0,313.2838282585144
2023-01-22 22:00:00,270.0,303.05369102954865
2023-01-22 23:00:00,269.0,299.68729770183563
2023-01-23 00:00:00,283.0,298.62969517707825
2023-01-23 01:00:00,342.0,300.3111891746521
2023-01-23 02:00:00,412.0,301.86305844783783
2023-01-23 03:00:00,352.0,312.83242428302765
2023-01-23 04:00:00,351.0,324.39414525032043
2023-01-23 05:00:00,246.0,338.18218874931335
2023-01-23 06:00:00,280.0,354.8567451238632
2023-01-23 07:00:00,310.0,369.7042418718338
2023-01-23 08:00:00,423.0,387.9117407798767
2023-01-23 09:00:00,456.00000000000006,408.37808561325073
2023-01-23 10:00:00,487.0,424.0833066701889
2023-01-23 11:00:00,512.0,439.0898176431656
2023-01-23 12:00:00,486.0,445.39454412460327
2023-01-23 13:00:00,390.0,445.4750382900238
2023-01-23 14:00:00,438.00000000000006,441.88330078125
2023-01-23 15:00:00,423.0,426.8920397758484
2023-01-23 16:00:00,444.0,412.1275541782379
2023-01-23 17:00:00,394.0,391.7732398509979
2023-01-23 18:00:00,401.0,366.56931245326996
2023-01-23 19:00:00,312.0,349.6767407655716
2023-01-23 20:00:00,308.0,339.94012999534607
2023-01-23 21:00:00,385.0,330.18372881412506
2023-01-23 22:00:00,269.0,324.70405519008636
2023-01-23 23:00:00,309.0,320.53839576244354
2023-01-24 00:00:00,317.0,319.20723152160645
2023-01-24 01:00:00,318.0,317.98067021369934
2023-01-24 02:00:00,231.99999999999997,323.2511132955551
2023-01-24 03:00:00,294.0,327.42597699165344
2023-01-24 04:00:00,321.0,335.3663241863251
2023-01-24 05:00:00,309.0,346.4110515117645
2023-01-24 06:00:00,297.0,354.6624684333801
2023-01-24 07:00:00,323.0,365.6598665714264
2023-01-24 08:00:00,369.0,378.17283511161804
2023-01-24 09:00:00,370.0,387.55255222320557
2023-01-24 10:00:00,467.0,400.0196228027344
2023-01-24 11:00:00,594.0,405.7118829488754
2023-01-24 12:00:00,514.0,410.38624477386475
2023-01-24 13:00:00,473.0,408.6558176279068
2023-01-24 14:00:00,532.0,401.13701605796814
2023-01-24 15:00:00,552.0,390.26455414295197
2023-01-24 16:00:00,461.99999999999994,381.29814076423645
2023-01-24 17:00:00,379.0,372.3179579973221
2023-01-24 18:00:00,303.0,363.5787148475647
2023-01-24 19:00:00,302.0,352.59718358516693
2023-01-24 20:00:00,335.0,343.1308525800705
2023-01-24 21:00:00,331.0,334.6474288702011
2023-01-24 22:00:00,308.0,327.44125163555145
2023-01-24 23:00:00,324.0,321.4139117002487
2023-01-25 00:00:00,353.0,320.3231688737869
2023-01-25 01:00:00,414.0,323.88398694992065
2023-01-25 02:00:00,384.0,330.555921792984
2023-01-25 03:00:00,282.0,337.9938097000122
2023-01-25 04:00:00,272.0,350.58130073547363
2023-01-25 05:00:00,394.99999999999994,360.3549259901047
2023-01-25 06:00:00,264.0,371.4993703365326
2023-01-25 07:00:00,320.0,385.37464463710785
2023-01-25 08:00:00,416.0,399.0916203260422
2023-01-25 09:00:00,447.0,410.9811909198761
2023-01-25 10:00:00,460.00000000000006,416.61504220962524
2023-01-25 11:00:00,521.0,416.24247908592224
2023-01-25 12:00:00,451.0,408.41517412662506
2023-01-25 13:00:00,456.00000000000006,394.59460723400116
2023-01-25 14:00:00,461.99999999999994,379.9904683828354
2023-01-25 15:00:00,461.99999999999994,365.7770297527313
2023-01-25 16:00:00,373.0,354.4428244829178
2023-01-25 17:00:00,412.0,345.2858852148056
2023-01-25 18:00:00,280.0,337.98724579811096
2023-01-25 19:00:00,306.0,330.4119107723236
2023-01-25 20:00:00,309.0,324.3882476091385
2023-01-25 21:00:00,320.0,323.4898567199707
2023-01-25 22:00:00,320.0,318.973916888237
2023-01-25 23:00:00,367.0,317.1403180360794
2023-01-26 00:00:00,386.0,316.86618876457214
2023-01-26 01:00:00,313.0,319.7420414686203
2023-01-26 02:00:00,234.0,321.2051993608475
2023-01-26 03:00:00,256.0,327.611444234848
2023-01-26 04:00:00,276.0,337.9795961380005
2023-01-26 05:00:00,382.0,351.2787276506424
2023-01-26 06:00:00,372.0,365.0406882762909
2023-01-26 07:00:00,394.0,377.22163689136505
2023-01-26 08:00:00,499.00000000000006,388.3307694196701
2023-01-26 09:00:00,447.0,400.8686857223511
2023-01-26 10:00:00,414.0,420.0159823894501
2023-01-26 11:00:00,390.0,444.17676758766174
2023-01-26 12:00:00,421.0,454.3015615940094
2023-01-26 13:00:00,449.0,450.1819975376129
2023-01-26 14:00:00,424.0,439.9047532081604
2023-01-26 15:00:00,410.0,423.6498670578003
2023-01-26 16:00:00,394.99999999999994,400.5753335952759
2023-01-26 17:00:00,419.00000000000006,379.78123784065247
2023-01-26 18:00:00,375.0,357.2590345144272
2023-01-26 19:00:00,306.0,338.0392634868622
2023-01-26 20:00:00,310.0,324.77519702911377
2023-01-26 21:00:00,266.0,316.18887305259705
2023-01-26 22:00:00,303.0,310.04427123069763
2023-01-26 23:00:00,314.0,304.9844899177551
2023-01-27 00:00:00,358.0,304.1317255496979
2023-01-27 01:00:00,376.0,307.15921425819397
2023-01-27 02:00:00,324.0,312.82439213991165
2023-01-27 03:00:00,294.0,317.778645157814
2023-01-27 04:00:00,308.0,323.24385845661163
2023-01-27 05:00:00,307.0,337.68809473514557
2023-01-27 06:00:00,311.0,347.40318775177
2023-01-27 07:00:00,370.0,358.6305445432663
2023-01-27 08:00:00,409.0,373.4114645719528
2023-01-27 09:00:00,456.00000000000006,389.41909396648407
2023-01-27 10:00:00,531.0,401.5373400449753
2023-01-27 11:00:00,525.0,409.1411021947861
2023-01-27 12:00:00,509.0,407.1905128955841
2023-01-27 13:00:00,444.0,400.90034544467926
2023-01-27 14:00:00,459.00000000000006,388.78390073776245
2023-01-27 15:00:00,436.00000000000006,374.1284351348877
2023-01-27 16:00:00,360.0,357.07179057598114
2023-01-27 17:00:00,395.99999999999994,344.60072243213654
2023-01-27 18:00:00,286.0,332.3165774345398
2023-01-27 19:00:00,337.0,324.37822902202606
2023-01-27 20:00:00,368.0,320.5556445121765
2023-01-27 21:00:00,242.99999999999997,319.5963031053543
2023-01-27 22:00:00,270.0,320.7550538778305
2023-01-27 23:00:00,364.0,327.36897468566895
2023-01-28 00:00:00,346.0,333.9461524486542
2023-01-28 01:00:00,261.0,338.8195288181305
2023-01-28 02:00:00,316.0,342.9945899248123
2023-01-28 03:00:00,307.0,347.2486399412155
2023-01-28 04:00:00,305.0,354.23159515857697
2023-01-28 05:00:00,284.0,362.66287779808044
2023-01-28 06:00:00,410.0,378.5174152851105
2023-01-28 07:00:00,336.0,393.9191175699234
2023-01-28 08:00:00,408.0,411.1958009004593
2023-01-28 09:00:00,364.0,422.8790280818939
2023-01-28 10:00:00,406.0,427.376016497612
2023-01-28 11:00:00,297.0,433.3854660987854
2023-01-28 12:00:00,320.0,439.33413791656494
2023-01-28 13:00:00,353.0,437.70335376262665
2023-01-28 14:00:00,298.0,430.230770945549
2023-01-28 15:00:00,256.0,415.38843154907227
2023-01-28 16:00:00,332.0,401.22296369075775
2023-01-28 17:00:00,368.0,383.42509174346924
2023-01-28 18:00:00,292.0,366.3046588897705
2023-01-28 19:00:00,224.0,347.7887306213379
2023-01-28 20:00:00,298.0,331.885950922966
2023-01-28 21:00:00,291.0,318.8447610139847
2023-01-28 22:00:00,333.0,309.9525370001793
2023-01-28 23:00:00,332.0,304.9512755870819
2023-01-29 00:00:00,338.0,302.8506542444229
2023-01-29 01:00:00,304.0,303.3786288499832
2023-01-29 02:00:00,356.0,307.0590283870697
2023-01-29 03:00:00,299.0,313.09169840812683
2023-01-29 04:00:00,305.0,322.06191194057465
2023-01-29 05:00:00,295.0,333.08127200603485
2023-01-29 06:00:00,353.0,347.63669979572296
2023-01-29 07:00:00,371.0,367.2937105894089
2023-01-29 08:00:00,363.0,388.6981258392334
2023-01-29 09:00:00,313.0,412.13823902606964
2023-01-29 10:00:00,400.0,436.5398898124695
2023-01-29 11:00:00,381.0,448.57310128211975
2023-01-29 12:00:00,356.0,449.74451100826263
2023-01-29 13:00:00,380.0,444.9497780799866
2023-01-29 14:00:00,357.0,433.9225215911865
2023-01-29 15:00:00,361.0,422.16672134399414
2023-01-29 16:00:00,331.0,400.8869215250015
2023-01-29 17:00:00,338.0,383.02713668346405
2023-01-29 18:00:00,312.0,360.5798259973526
2023-01-29 19:00:00,294.0,345.2916841506958
2023-01-29 20:00:00,318.0,335.0653964281082
2023-01-29 21:00:00,372.0,321.720539689064
2023-01-29 22:00:00,326.0,312.65189230442047
2023-01-29 23:00:00,330.0,311.030978679657
2023-01-30 00:00:00,328.0,307.35545271635056
2023-01-30 01:00:00,329.0,302.28270399570465
2023-01-30 02:00:00,403.0,300.4452556371689
2023-01-30 03:00:00,296.0,299.1860475540161
2023-01-30 04:00:00,308.0,301.51872503757477
2023-01-30 05:00:00,374.0,307.70031666755676
2023-01-30 06:00:00,278.0,321.2388331890106
2023-01-30 07:00:00,342.0,335.4816859960556
2023-01-30 08:00:00,507.0,353.0345467329025
2023-01-30 09:00:00,519.0,371.4033794403076
2023-01-30 10:00:00,451.0,393.35852086544037
2023-01-30 11:00:00,402.0,410.9075074195862
2023-01-30 12:00:00,465.0,424.03392934799194
2023-01-30 13:00:00,464.0,433.879239320755
2023-01-30 14:00:00,459.00000000000006,432.33662366867065
2023-01-30 15:00:00,514.0,416.81600618362427
2023-01-30 16:00:00,483.99999999999994,405.11079239845276
2023-01-30 17:00:00,364.0,389.57035982608795
2023-01-30 18:00:00,370.0,373.965349316597
2023-01-30 19:00:00,308.0,353.1480084657669
2023-01-30 20:00:00,268.0,335.6117548942566
2023-01-30 21:00:00,263.0,324.3757860660553
2023-01-30 22:00:00,230.0,316.36116313934326
2023-01-30 23:00:00,240.99999999999997,311.56292617321014
2023-01-31 00:00:00,323.0,311.5809152126312
2023-01-31 01:00:00,327.0,311.34498488903046
2023-01-31 02:00:00,312.0,313.2934767007828
2023-01-31 03:00:00,352.0,316.52824652194977
2023-01-31 04:00:00,394.0,322.5323166847229
2023-01-31 05:00:00,378.0,331.42635440826416
2023-01-31 06:00:00,342.0,344.13350093364716
2023-01-31 07:00:00,423.0,360.8039857149124
2023-01-31 08:00:00,391.0,379.83488416671753
2023-01-31 09:00:00,460.00000000000006,396.06284844875336
2023-01-31 10:00:00,567.0,421.0601363182068
2023-01-31 11:00:00,452.0,447.92564392089844
2023-01-31 12:00:00,428.0,464.21754455566406
2023-01-31 13:00:00,418.00000000000006,465.9471080303192
2023-01-31 14:00:00,428.0,458.3695274591446
2023-01-31 15:00:00,376.0,445.0930241346359
2023-01-31 16:00:00,411.0,421.76096856594086
2023-01-31 17:00:00,418.00000000000006,399.9463834762573
2023-01-31 18:00:00,399.0,383.0339720249176
2023-01-31 19:00:00,360.0,367.431552529335
2023-01-31 20:00:00,298.0,354.51480531692505
2023-01-31 21:00:00,300.0,346.6513742208481
2023-01-31 22:00:00,329.0,338.9471300840378
2023-01-31 23:00:00,357.0,333.09035289287567
2023-02-01 00:00:00,313.0,327.7484965324402
2023-02-01 01:00:00,330.0,322.1730787754059
2023-02-01 02:00:00,369.0,320.36279904842377
2023-02-01 03:00:00,371.0,317.61723732948303
2023-02-01 04:00:00,371.0,319.1879346370697
2023-02-01 05:00:00,282.0,324.57176542282104
2023-02-01 06:00:00,334.0,327.9133096933365
2023-02-01 07:00:00,435.0,333.47875821590424
2023-02-01 08:00:00,393.0,343.8979654312134
2023-02-01 09:00:00,456.00000000000006,360.86081528663635
2023-02-01 10:00:00,500.00000000000006,376.6620765924454
2023-02-01 11:00:00,522.0,390.21362221241
2023-02-01 12:00:00,481.00000000000006,402.254754781723
2023-02-01 13:00:00,411.0,406.76911532878876
2023-02-01 14:00:00,450.0,405.7178546190262
2023-02-01 15:00:00,483.99999999999994,402.10255122184753
2023-02-01 16:00:00,453.0,390.0111529827118
2023-02-01 17:00:00,451.0,372.81316244602203
2023-02-01 18:00:00,368.0,355.5248565673828
2023-02-01 19:00:00,287.0,337.01383888721466
2023-02-01 20:00:00,363.0,320.343896985054
2023-02-01 21:00:00,308.0,308.4922909140587
2023-02-01 22:00:00,294.0,299.55052918195724
2023-02-01 23:00:00,358.0,294.94616174697876
2023-02-02 00:00:00,363.0,299.7614253759384
2023-02-02 01:00:00,277.0,307.0600401163101
2023-02-02 02:00:00,323.0,317.1379244327545
2023-02-02 03:00:00,369.0,332.22066056728363
2023-02-02 04:00:00,309.0,349.71765410900116
2023-02-02 05:00:00,293.0,369.8861063718796
2023-02-02 06:00:00,299.0,389.3491119146347
2023-02-02 07:00:00,368.0,412.3482345342636
2023-02-02 08:00:00,420.0,431.7921652793884
2023-02-02 09:00:00,449.0,449.39349031448364
2023-02-02 10:00:00,521.0,466.95622158050537
2023-02-02 11:00:00,457.00000000000006,476.67447316646576
2023-02-02 12:00:00,467.0,475.1051083803177
2023-02-02 13:00:00,421.0,463.51989555358887
2023-02-02 14:00:00,354.0,441.2957328557968
2023-02-02 15:00:00,488.0,415.0754123926163
2023-02-02 16:00:00,438.00000000000006,395.88562309741974
2023-02-02 17:00:00,397.99999999999994,379.65262484550476
2023-02-02 18:00:00,391.0,362.67889273166656
2023-02-02 19:00:00,385.0,344.51213443279266
2023-02-02 20:00:00,413.0,328.17976462841034
2023-02-02 21:00:00,331.0,316.64378106594086
2023-02-02 22:00:00,318.0,308.17227602005005
2023-02-02 23:00:00,336.0,302.6956375837326
2023-02-03 00:00:00,295.0,299.91027295589447
2023-02-03 01:00:00,408.0,300.1327793598175
2023-02-03 02:00:00,372.0,305.8449532985687
2023-02-03 03:00:00,265.0,314.36604541540146
2023-02-03 04:00:00,282.0,329.2096803188324
2023-02-03 05:00:00,322.0,342.73292219638824
2023-02-03 06:00:00,329.0,360.97842264175415
2023-02-03 07:00:00,350.0,381.2030382156372
2023-02-03 08:00:00,409.0,400.3103839159012
2023-02-03 09:00:00,491.0,417.7503504753113
2023-02-03 10:00:00,481.99999999999994,430.89145481586456
2023-02-03 11:00:00,481.99999999999994,439.3207633495331
2023-02-03 12:00:00,469.0,436.7435681819916
2023-02-03 13:00:00,440.99999999999994,418.80694127082825
2023-02-03 14:00:00,471.0,398.1185095310211
2023-02-03 15:00:00,476.0,378.9955190420151
2023-02-03 16:00:00,437.00000000000006,361.5268785953522
2023-02-03 17:00:00,402.0,347.82071113586426
2023-02-03 18:00:00,276.0,334.1997263431549
2023-02-03 19:00:00,284.0,320.16536378860474
2023-02-03 20:00:00,349.0,312.2178111076355
2023-02-03 21:00:00,341.0,306.82751512527466
2023-02-03 22:00:00,329.0,305.37393164634705
2023-02-03 23:00:00,370.0,311.4784837961197
2023-02-04 00:00:00,330.0,320.912735581398
2023-02-04 01:00:00,331.0,326.58944964408875
2023-02-04 02:00:00,353.0,332.9940905570984
2023-02-04 03:00:00,357.0,343.78080224990845
2023-02-04 04:00:00,369.0,351.99335396289825
2023-02-04 05:00:00,368.0,357.940372467041
2023-02-04 06:00:00,260.0,361.4650150537491
2023-02-04 07:00:00,373.0,367.1978677511215
2023-02-04 08:00:00,465.0,375.7018221616745
2023-02-04 09:00:00,491.0,386.52505481243134
2023-02-04 10:00:00,475.0,398.33701837062836
2023-02-04 11:00:00,414.0,403.8303873538971
2023-02-04 12:00:00,400.0,406.01626539230347
2023-02-04 13:00:00,363.0,404.1467378139496
2023-02-04 14:00:00,440.00000000000006,395.3196716308594
2023-02-04 15:00:00,362.0,388.0260908603668
2023-02-04 16:00:00,390.0,378.90609204769135
2023-02-04 17:00:00,312.0,368.7787810564041
2023-02-04 18:00:00,392.0,358.5518764257431
2023-02-04 19:00:00,395.99999999999994,348.0686341524124
2023-02-04 20:00:00,338.0,339.30032229423523
2023-02-04 21:00:00,340.0,328.0218608379364
2023-02-04 22:00:00,373.0,318.0002632141113
2023-02-04 23:00:00,355.0,312.34551107883453
2023-02-05 00:00:00,332.0,308.4486508369446
2023-02-05 01:00:00,298.0,311.45225286483765
2023-02-05 02:00:00,286.0,318.28384351730347
2023-02-05 03:00:00,322.0,322.9134178161621
2023-02-05 04:00:00,368.0,329.6615778207779
2023-02-05 05:00:00,342.0,341.8937051296234
2023-02-05 06:00:00,370.0,358.02459275722504
2023-02-05 07:00:00,336.0,373.7090116739273
2023-02-05 08:00:00,312.0,391.071568608284
2023-02-05 09:00:00,236.0,408.3099789619446
2023-02-05 10:00:00,333.0,421.06085193157196
2023-02-05 11:00:00,397.99999999999994,430.51176023483276
2023-02-05 12:00:00,384.0,433.16614294052124
2023-02-05 13:00:00,329.0,426.7265603542328
2023-02-05 14:00:00,304.0,418.7014993429184
2023-02-05 15:00:00,364.0,403.82742619514465
2023-02-05 16:00:00,369.0,388.55640971660614
2023-02-05 17:00:00,382.0,374.7559540271759
2023-02-05 18:00:00,318.0,359.2007896900177
2023-02-05 19:00:00,278.0,345.7962409257889
2023-02-05 20:00:00,237.0,335.93341076374054
2023-02-05 21:00:00,347.0,328.2081423997879
2023-02-05 22:00:00,388.0,319.8581929206848
2023-02-05 23:00:00,400.0,315.96552765369415
2023-02-06 00:00:00,303.0,312.87277007102966
2023-02-06 01:00:00,302.0,311.6302925348282
2023-02-06 02:00:00,260.0,314.5950046777725
2023-02-06 03:00:00,303.0,323.8298964500427
2023-02-06 04:00:00,325.0,335.7843904495239
2023-02-06 05:00:00,327.0,347.7663245201111
2023-02-06 06:00:00,327.0,357.066361784935
2023-02-06 07:00:00,356.0,370.55093586444855
2023-02-06 08:00:00,373.0,387.2342276573181
2023-02-06 09:00:00,518.0,403.7569259405136
2023-02-06 10:00:00,520.0,415.47516882419586
2023-02-06 11:00:00,517.0,420.52959537506104
2023-02-06 12:00:00,409.0,423.14617395401
2023-02-06 13:00:00,425.0,421.24012541770935
2023-02-06 14:00:00,512.0,417.3617230653763
2023-02-06 15:00:00,454.0,409.26835799217224
2023-02-06 16:00:00,513.0,397.22493052482605
2023-02-06 17:00:00,481.00000000000006,380.1322338581085
2023-02-06 18:00:00,416.0,368.15928196907043
2023-02-06 19:00:00,283.0,359.85567462444305
2023-02-06 20:00:00,273.0,346.73537242412567
2023-02-06 21:00:00,288.0,335.24669337272644
2023-02-06 22:00:00,382.0,327.6274344921112
2023-02-06 23:00:00,319.0,319.7364399433136
2023-02-07 00:00:00,322.0,314.3857001066208
2023-02-07 01:00:00,314.0,308.497460603714
2023-02-07 02:00:00,294.0,303.8836544752121
2023-02-07 03:00:00,233.0,303.13211238384247
2023-02-07 04:00:00,304.0,307.86478435993195
2023-02-07 05:00:00,362.0,318.12840735912323
2023-02-07 06:00:00,325.0,331.55022954940796
2023-02-07 07:00:00,353.0,344.94707930088043
2023-02-07 08:00:00,366.0,359.69814097881317
2023-02-07 09:00:00,534.0,372.2414860725403
2023-02-07 10:00:00,501.00000000000006,389.90985667705536
2023-02-07 11:00:00,440.00000000000006,412.2095535993576
2023-02-07 12:00:00,453.0,431.5023912191391
2023-02-07 13:00:00,454.0,440.9614427089691
2023-02-07 14:00:00,369.0,436.50652742385864
2023-02-07 15:00:00,393.0,434.2832154035568
2023-02-07 16:00:00,443.0,426.91128730773926
2023-02-07 17:00:00,441.99999999999994,415.2476284503937
2023-02-07 18:00:00,424.0,394.51939380168915
2023-02-07 19:00:00,320.0,369.39191365242004
2023-02-07 20:00:00,330.0,347.4915043115616
2023-02-07 21:00:00,250.99999999999997,334.8567087650299
2023-02-07 22:00:00,282.0,327.4933680295944
2023-02-07 23:00:00,286.0,322.2625551223755
2023-02-08 00:00:00,380.0,317.3820719718933
2023-02-08 01:00:00,336.0,316.08881056308746
2023-02-08 02:00:00,205.0,314.685320019722
2023-02-08 03:00:00,287.0,319.84400403499603
2023-02-08 04:00:00,302.0,326.7923136949539
2023-02-08 05:00:00,341.0,337.23190355300903
2023-02-08 06:00:00,334.0,349.63997304439545
2023-02-08 07:00:00,373.0,363.332568526268
2023-02-08 08:00:00,487.0,377.5223672389984
2023-02-08 09:00:00,432.0,401.001123547554
2023-02-08 10:00:00,419.00000000000006,420.074786067009
2023-02-08 11:00:00,421.0,432.7473610639572
2023-02-08 12:00:00,498.00000000000006,434.0708509683609
2023-02-08 13:00:00,496.0,432.08633172512054
2023-02-08 14:00:00,498.00000000000006,429.18718457221985
2023-02-08 15:00:00,434.0,412.1679493188858
2023-02-08 16:00:00,396.99999999999994,396.9740957021713
2023-02-08 17:00:00,438.00000000000006,381.0238387584686
2023-02-08 18:00:00,370.0,364.39535307884216
2023-02-08 19:00:00,319.0,346.74808073043823
2023-02-08 20:00:00,244.0,333.0814447402954
2023-02-08 21:00:00,350.0,323.6102524995804
2023-02-08 22:00:00,365.0,318.5706070661545
2023-02-08 23:00:00,282.0,313.27287197113037
2023-02-09 00:00:00,273.0,310.1466039419174
2023-02-09 01:00:00,303.0,311.54360461235046
2023-02-09 02:00:00,332.0,313.85007584095
2023-02-09 03:00:00,345.0,316.03807604312897
2023-02-09 04:00:00,348.0,326.1158369779587
2023-02-09 05:00:00,354.0,342.79387271404266
2023-02-09 06:00:00,235.0,361.8172695636749
2023-02-09 07:00:00,312.0,381.2013849020004
2023-02-09 08:00:00,464.0,398.4671119451523
2023-02-09 09:00:00,494.0,414.61455738544464
2023-02-09 10:00:00,498.00000000000006,425.54239296913147
2023-02-09 11:00:00,508.0,425.65338706970215
2023-02-09 12:00:00,540.0,421.5862355232239
2023-02-09 13:00:00,480.00000000000006,411.30037915706635
2023-02-09 14:00:00,393.0,393.405677318573
2023-02-09 15:00:00,410.0,376.7277649641037
2023-02-09 16:00:00,386.0,365.62568986415863
2023-02-09 17:00:00,425.0,359.27790319919586
2023-02-09 18:00:00,307.0,354.0706561803818
2023-02-09 19:00:00,360.0,344.33698189258575
2023-02-09 20:00:00,329.0,336.5944894552231
2023-02-09 21:00:00,220.99999999999997,327.6174405813217
2023-02-09 22:00:00,328.0,321.456108212471
2023-02-09 23:00:00,364.0,316.61984503269196
2023-02-10 00:00:00,385.0,317.32282412052155
2023-02-10 01:00:00,338.0,318.79513692855835
2023-02-10 02:00:00,280.0,317.2799860239029
2023-02-10 03:00:00,310.0,321.9818125963211
2023-02-10 04:00:00,354.0,328.42825520038605
2023-02-10 05:00:00,381.0,339.13286876678467
2023-02-10 06:00:00,276.0,349.3116545677185
2023-02-10 07:00:00,292.0,361.37430489063263
2023-02-10 08:00:00,373.0,381.0771642923355
2023-02-10 09:00:00,377.0,397.47480297088623
2023-02-10 10:00:00,503.99999999999994,414.2706434726715
2023-02-10 11:00:00,458.00000000000006,431.82750177383423
2023-02-10 12:00:00,470.0,448.2314329147339
2023-02-10 13:00:00,408.0,451.35937893390656
2023-02-10 14:00:00,437.00000000000006,447.4025799036026
2023-02-10 15:00:00,386.0,428.94557869434357
2023-02-10 16:00:00,423.0,404.85810685157776
2023-02-10 17:00:00,370.0,381.87744212150574
2023-02-10 18:00:00,332.0,360.962037563324
2023-02-10 19:00:00,376.0,340.3729773759842
2023-02-10 20:00:00,359.0,322.9259287118912
2023-02-10 21:00:00,351.0,313.51996833086014
2023-02-10 22:00:00,248.0,308.90679144859314
2023-02-10 23:00:00,209.0,303.8091319799423
2023-02-11 00:00:00,290.0,301.56304371356964
2023-02-11 01:00:00,339.0,301.9328924417496
2023-02-11 02:00:00,260.0,308.42895913124084
2023-02-11 03:00:00,365.0,319.64126336574554
2023-02-11 04:00:00,310.0,332.7654150724411
2023-02-11 05:00:00,268.0,346.1338130235672
2023-02-11 06:00:00,294.0,357.62251675128937
2023-02-11 07:00:00,361.0,371.5301910638809
2023-02-11 08:00:00,334.0,392.7765791416168
2023-02-11 09:00:00,411.0,417.81246078014374
2023-02-11 10:00:00,371.0,442.19081711769104
2023-02-11 11:00:00,373.0,458.6888144016266
2023-02-11 12:00:00,399.0,461.8414614200592
2023-02-11 13:00:00,361.0,456.0953575372696
2023-02-11 14:00:00,282.0,435.4046802520752
2023-02-11 15:00:00,367.0,414.56202149391174
2023-02-11 16:00:00,323.0,391.70491111278534
2023-02-11 17:00:00,368.0,374.54003620147705
2023-02-11 18:00:00,356.0,357.1342463493347
2023-02-11 19:00:00,320.0,345.0590604543686
2023-02-11 20:00:00,373.0,334.68271601200104
2023-02-11 21:00:00,390.0,324.30454552173615
2023-02-11 22:00:00,323.0,320.4199740886688
2023-02-11 23:00:00,304.0,317.42824137210846
2023-02-12 00:00:00,250.0,316.3194601535797
2023-02-12 01:00:00,280.0,317.05760300159454
2023-02-12 02:00:00,284.0,317.5166566371918
2023-02-12 03:00:00,321.0,322.53147768974304
2023-02-12 04:00:00,330.0,334.546404004097
2023-02-12 05:00:00,331.0,347.42860436439514
2023-02-12 06:00:00,350.0,361.34170746803284
2023-02-12 07:00:00,333.0,378.5385628938675
2023-02-12 08:00:00,292.0,394.8175331354141
2023-02-12 09:00:00,349.0,407.3027901649475
2023-02-12 10:00:00,377.0,417.4644012451172
2023-02-12 11:00:00,405.0,421.0014560222626
2023-02-12 12:00:00,368.0,419.9761301279068
2023-02-12 13:00:00,352.0,411.97715198993683
2023-02-12 14:00:00,344.0,404.68914806842804
2023-02-12 15:00:00,288.0,392.6496934890747
2023-02-12 16:00:00,297.0,381.0592986345291
2023-02-12 17:00:00,304.0,366.89341127872467
2023-02-12 18:00:00,295.0,353.846471786499
2023-02-12 19:00:00,250.99999999999997,347.0782746076584
2023-02-12 20:00:00,316.0,341.49777352809906
2023-02-12 21:00:00,324.0,335.3845353126526
2023-02-12 22:00:00,313.0,325.57172405719757
2023-02-12 23:00:00,310.0,318.0439896583557
2023-02-13 00:00:00,412.0,315.46363592147827
2023-02-13 01:00:00,344.0,315.0221024751663
2023-02-13 02:00:00,288.0,316.2071088552475
2023-02-13 03:00:00,297.0,322.19800186157227
2023-02-13 04:00:00,300.0,329.9213207960129
2023-02-13 05:00:00,344.0,336.6347858905792
2023-02-13 06:00:00,356.0,345.60472798347473
2023-02-13 07:00:00,378.0,358.6195635795593
2023-02-13 08:00:00,459.00000000000006,369.08508825302124
2023-02-13 09:00:00,542.0,381.8012663125992
2023-02-13 10:00:00,490.0,392.6054241657257
2023-02-13 11:00:00,460.00000000000006,402.9919352531433
2023-02-13 12:00:00,391.0,414.39301335811615
2023-02-13 13:00:00,483.99999999999994,419.02268636226654
2023-02-13 14:00:00,451.0,411.3416132926941
2023-02-13 15:00:00,378.0,403.31050658226013
2023-02-13 16:00:00,498.00000000000006,391.19374108314514
2023-02-13 17:00:00,395.99999999999994,379.4620496034622
2023-02-13 18:00:00,366.0,364.708816409111
2023-02-13 19:00:00,346.0,348.9850387573242
2023-02-13 20:00:00,351.0,339.36107540130615
2023-02-13 21:00:00,329.0,331.7706878185272
2023-02-13 22:00:00,275.0,324.12268102169037
2023-02-13 23:00:00,334.0,317.793549656868
2023-02-14 00:00:00,348.0,312.75262105464935
2023-02-14 01:00:00,394.99999999999994,311.33257269859314
2023-02-14 02:00:00,284.0,313.7591435909271
2023-02-14 03:00:00,324.0,321.25146746635437
2023-02-14 04:00:00,340.0,331.63750970363617
2023-02-14 05:00:00,362.0,345.1917450428009
2023-02-14 06:00:00,395.99999999999994,358.55444276332855
2023-02-14 07:00:00,346.0,370.32453060150146
2023-02-14 08:00:00,467.0,380.4261041879654
2023-02-14 09:00:00,406.0,392.6443634033203
2023-02-14 10:00:00,468.0,406.72738766670227
2023-02-14 11:00:00,520.0,419.848726272583
2023-02-14 12:00:00,513.0,424.9747141599655
2023-02-14 13:00:00,530.0,425.49405205249786
2023-02-14 14:00:00,430.0,419.62054431438446
2023-02-14 15:00:00,432.0,404.998663187027
2023-02-14 16:00:00,500.00000000000006,390.7398694753647
2023-02-14 17:00:00,435.0,377.3403300046921
2023-02-14 18:00:00,369.0,362.0931261777878
2023-02-14 19:00:00,297.0,346.6947798728943
2023-02-14 20:00:00,276.0,335.4448689222336
2023-02-14 21:00:00,312.0,330.42839455604553
2023-02-14 22:00:00,318.0,326.23635613918304
2023-02-14 23:00:00,368.0,323.5827877521515
2023-02-15 00:00:00,383.0,327.4494935274124
2023-02-15 01:00:00,344.0,336.1094516515732
2023-02-15 02:00:00,330.0,347.6905928850174
2023-02-15 03:00:00,358.0,358.7227599620819
2023-02-15 04:00:00,325.0,365.4786683320999
2023-02-15 05:00:00,343.0,372.35173988342285
2023-02-15 06:00:00,363.0,381.40642046928406
2023-02-15 07:00:00,344.0,391.75359749794006
2023-02-15 08:00:00,393.0,408.2075228691101
2023-02-15 09:00:00,458.00000000000006,422.6657259464264
2023-02-15 10:00:00,447.0,421.1914390325546
2023-02-15 11:00:00,506.0,408.78926718235016
2023-02-15 12:00:00,415.0,392.03206980228424
2023-02-15 13:00:00,433.0,381.3852481842041
2023-02-15 14:00:00,388.0,373.79811787605286
2023-02-15 15:00:00,439.00000000000006,365.23713648319244
2023-02-15 16:00:00,475.0,361.0592622756958
2023-02-15 17:00:00,476.0,353.04542899131775
2023-02-15 18:00:00,402.0,347.8386014699936
2023-02-15 19:00:00,329.0,340.98359298706055
2023-02-15 20:00:00,294.0,335.5418221950531
2023-02-15 21:00:00,326.0,329.01473736763
2023-02-15 22:00:00,400.0,321.6833031177521
2023-02-15 23:00:00,329.0,318.6547780036926
2023-02-16 00:00:00,326.0,317.9564380645752
2023-02-16 01:00:00,325.0,324.6695576906204
2023-02-16 02:00:00,387.0,327.41583502292633
2023-02-16 03:00:00,399.0,331.7862832546234
2023-02-16 04:00:00,376.0,336.7640651464462
2023-02-16 05:00:00,299.0,343.09507191181183
2023-02-16 06:00:00,322.0,351.89788126945496
2023-02-16 07:00:00,413.0,359.49924981594086
2023-02-16 08:00:00,443.0,369.35805773735046
2023-02-16 09:00:00,541.0,376.4602736234665
2023-02-16 10:00:00,460.00000000000006,391.1517913341522
2023-02-16 11:00:00,491.0,410.5207060575485
2023-02-16 12:00:00,414.0,425.55199205875397
2023-02-16 13:00:00,480.00000000000006,433.90959119796753
2023-02-16 14:00:00,491.0,427.97868633270264
2023-02-16 15:00:00,459.00000000000006,413.70548164844513
2023-02-16 16:00:00,502.99999999999994,398.98099637031555
2023-02-16 17:00:00,419.00000000000006,384.3554137945175
2023-02-16 18:00:00,342.0,366.4720630645752
2023-02-16 19:00:00,352.0,348.19199109077454
2023-02-16 20:00:00,321.0,332.6490662097931
2023-02-16 21:00:00,376.0,322.0712889432907
2023-02-16 22:00:00,318.0,314.9390913248062
2023-02-16 23:00:00,248.0,314.3685747385025
2023-02-17 00:00:00,228.0,314.9491592645645
2023-02-17 01:00:00,318.0,316.0096242427826
2023-02-17 02:00:00,340.0,319.3959313631058
2023-02-17 03:00:00,349.0,323.0908159017563
2023-02-17 04:00:00,263.0,330.15878105163574
2023-02-17 05:00:00,342.0,338.2631764411926
2023-02-17 06:00:00,354.0,349.89579248428345
2023-02-17 07:00:00,364.0,364.69544184207916
2023-02-17 08:00:00,446.0,381.64637303352356
2023-02-17 09:00:00,460.99999999999994,401.44250893592834
2023-02-17 10:00:00,520.0,417.06141221523285
2023-02-17 11:00:00,453.0,427.3985459804535
2023-02-17 12:00:00,383.0,429.94622826576233
2023-02-17 13:00:00,399.0,425.9797067642212
2023-02-17 14:00:00,335.0,417.36549854278564
2023-02-17 15:00:00,394.99999999999994,407.2981756925583
2023-02-17 16:00:00,380.0,396.47013115882874
2023-02-17 17:00:00,392.0,384.2296632528305
2023-02-17 18:00:00,319.0,368.01968801021576
2023-02-17 19:00:00,250.0,351.0561965703964
2023-02-17 20:00:00,299.0,334.768515586853
2023-02-17 21:00:00,323.0,324.2910969257355
2023-02-17 22:00:00,349.0,319.49944853782654
2023-02-17 23:00:00,293.0,313.3089364171028
2023-02-18 00:00:00,266.0,309.9666025042534
2023-02-18 01:00:00,286.0,309.5964946746826
2023-02-18 02:00:00,349.0,314.699805021286
2023-02-18 03:00:00,348.0,323.4819356203079
2023-02-18 04:00:00,342.0,333.2923285961151
2023-02-18 05:00:00,399.0,342.1680318117142
2023-02-18 06:00:00,380.0,350.0623083114624
2023-02-18 07:00:00,362.0,363.5491032600403
2023-02-18 08:00:00,366.0,376.19154846668243
2023-02-18 09:00:00,395.99999999999994,391.6772736310959
2023-02-18 10:00:00,394.0,403.33059310913086
2023-02-18 11:00:00,370.0,410.4012973308563
2023-02-18 12:00:00,374.0,411.31291472911835
2023-02-18 13:00:00,362.0,406.65123653411865
2023-02-18 14:00:00,418.00000000000006,401.9099031686783
2023-02-18 15:00:00,373.0,391.68139457702637
2023-02-18 16:00:00,308.0,380.5087945461273
2023-02-18 17:00:00,326.0,371.76449275016785
2023-02-18 18:00:00,304.0,360.42485868930817
2023-02-18 19:00:00,268.0,347.96844828128815
2023-02-18 20:00:00,323.0,335.81306433677673
2023-02-18 21:00:00,240.99999999999997,326.532940864563
2023-02-18 22:00:00,314.0,318.5186140537262
2023-02-18 23:00:00,347.0,311.46650344133377
2023-02-19 00:00:00,277.0,306.93470907211304
2023-02-19 01:00:00,316.0,307.927042722702
2023-02-19 02:00:00,368.0,313.45779633522034
2023-02-19 03:00:00,368.0,323.0005499124527
2023-02-19 04:00:00,340.0,330.64169669151306
2023-02-19 05:00:00,338.0,342.7512813806534
2023-02-19 06:00:00,341.0,357.2811938524246
2023-02-19 07:00:00,302.0,372.86024487018585
2023-02-19 08:00:00,301.0,393.77708065509796
2023-02-19 09:00:00,432.0,413.3806918859482
2023-02-19 10:00:00,473.0,432.33200919628143
2023-02-19 11:00:00,500.00000000000006,442.6475511789322
2023-02-19 12:00:00,362.0,444.4842839241028
2023-02-19 13:00:00,314.0,443.6398848295212
2023-02-19 14:00:00,282.0,433.11081862449646
2023-02-19 15:00:00,299.0,417.97362184524536
2023-02-19 16:00:00,341.0,396.8364511728287
2023-02-19 17:00:00,311.0,376.4202733039856
2023-02-19 18:00:00,359.0,356.3608410358429
2023-02-19 19:00:00,350.0,338.04456889629364
2023-02-19 20:00:00,336.0,326.30451214313507
2023-02-19 21:00:00,340.0,317.43658196926117
2023-02-19 22:00:00,318.0,312.5040317773819
2023-02-19 23:00:00,320.0,308.25407803058624
2023-02-20 00:00:00,349.0,306.32552468776703
2023-02-20 01:00:00,394.99999999999994,305.8924798965454
2023-02-20 02:00:00,328.0,310.1142039299011
2023-02-20 03:00:00,293.0,318.341215968132
2023-02-20 04:00:00,357.0,329.6207138299942
2023-02-20 05:00:00,370.0,345.90229976177216
2023-02-20 06:00:00,347.0,364.34306395053864
2023-02-20 07:00:00,349.0,380.7375193834305
2023-02-20 08:00:00,432.0,393.7089493274689
2023-02-20 09:00:00,382.0,404.58799982070923
2023-02-20 10:00:00,506.0,410.2917591333389
2023-02-20 11:00:00,501.00000000000006,412.20350790023804
2023-02-20 12:00:00,433.0,410.3020244836807
2023-02-20 13:00:00,409.0,400.3502608537674
2023-02-20 14:00:00,435.0,390.5215827226639
2023-02-20 15:00:00,482.99999999999994,379.26439225673676
2023-02-20 16:00:00,416.0,367.72579300403595
2023-02-20 17:00:00,390.0,358.15954756736755
2023-02-20 18:00:00,360.0,348.14932572841644
2023-02-20 19:00:00,315.0,340.6229238510132
2023-02-20 20:00:00,306.0,333.6791546344757
2023-02-20 21:00:00,320.0,324.9703620672226
2023-02-20 22:00:00,314.0,320.7505134344101
2023-02-20 23:00:00,282.0,319.9965777397156
2023-02-21 00:00:00,390.0,321.99745738506317
2023-02-21 01:00:00,383.0,325.7760193347931
2023-02-21 02:00:00,350.0,331.7361903190613
2023-02-21 03:00:00,334.0,340.1715692281723
2023-02-21 04:00:00,296.0,347.8550112247467
2023-02-21 05:00:00,324.0,353.86490499973297
2023-02-21 06:00:00,379.0,359.64126205444336
2023-02-21 07:00:00,384.0,364.49553894996643
2023-02-21 08:00:00,472.0,378.3419419527054
2023-02-21 09:00:00,428.0,396.5062326192856
2023-02-21 10:00:00,497.00000000000006,423.64123034477234
2023-02-21 11:00:00,439.00000000000006,446.09150218963623
2023-02-21 12:00:00,456.00000000000006,446.2120213508606
2023-02-21 13:00:00,459.00000000000006,431.511447429657
2023-02-21 14:00:00,444.0,409.93716037273407
2023-02-21 15:00:00,379.0,390.3829017877579
2023-02-21 16:00:00,407.0,377.35738134384155
2023-02-21 17:00:00,444.0,364.6844608783722
2023-02-21 18:00:00,377.0,355.7348027229309
2023-02-21 19:00:00,338.0,346.2717536687851
2023-02-21 20:00:00,328.0,335.73980033397675
2023-02-21 21:00:00,256.0,326.55344688892365
2023-02-21 22:00:00,294.0,315.8877478837967
2023-02-21 23:00:00,324.0,307.8478687405586
2023-02-22 00:00:00,420.0,304.37932777404785
2023-02-22 01:00:00,395.99999999999994,306.8925372362137
2023-02-22 02:00:00,318.0,308.9845218658447
2023-02-22 03:00:00,326.0,314.15892469882965
2023-02-22 04:00:00,300.0,324.12514865398407
2023-02-22 05:00:00,367.0,338.1229408979416
2023-02-22 06:00:00,328.0,354.80988478660583
2023-02-22 07:00:00,424.0,373.694255232811
2023-02-22 08:00:00,460.00000000000006,396.1354955434799
2023-02-22 09:00:00,470.0,416.80458104610443
2023-02-22 10:00:00,430.0,438.2012972831726
2023-02-22 11:00:00,393.0,454.1944169998169
2023-02-22 12:00:00,401.0,461.7990674972534
2023-02-22 13:00:00,458.00000000000006,457.74245274066925
2023-02-22 14:00:00,566.0,445.26778185367584
2023-02-22 15:00:00,471.0,429.5170576572418
2023-02-22 16:00:00,428.0,404.32179164886475
2023-02-22 17:00:00,378.0,383.2754545211792
2023-02-22 18:00:00,405.0,365.789688706398
2023-02-22 19:00:00,332.0,348.68889820575714
2023-02-22 20:00:00,298.0,330.99032378196716
2023-02-22 21:00:00,282.0,318.2545280456543
2023-02-22 22:00:00,320.0,309.21988463401794
2023-02-22 23:00:00,373.0,302.6955142021179
2023-02-23 00:00:00,340.0,302.6373027563095
2023-02-23 01:00:00,338.0,304.627460539341
2023-02-23 02:00:00,335.0,306.0066819190979
2023-02-23 03:00:00,322.0,310.9788746237755
2023-02-23 04:00:00,340.0,321.26624858379364
2023-02-23 05:00:00,327.0,333.9727535247803
2023-02-23 06:00:00,346.0,350.7713577747345
2023-02-23 07:00:00,371.0,373.3767203092575
2023-02-23 08:00:00,374.0,398.8528275489807
2023-02-23 09:00:00,346.0,423.48401749134064
2023-02-23 10:00:00,366.0,442.93241465091705
2023-02-23 11:00:00,386.0,457.3169095516205
2023-02-23 12:00:00,348.0,463.4737261533737
2023-02-23 13:00:00,365.0,459.9098975658417
2023-02-23 14:00:00,389.0,444.5062458515167
2023-02-23 15:00:00,407.0,419.950590133667
2023-02-23 16:00:00,355.0,398.5537258386612
2023-02-23 17:00:00,396.99999999999994,376.80287969112396
2023-02-23 18:00:00,314.0,357.99952161312103
2023-02-23 19:00:00,292.0,341.03314304351807
2023-02-23 20:00:00,267.0,324.87632060050964
2023-02-23 21:00:00,333.0,310.7663004398346
2023-02-23 22:00:00,372.0,301.76753640174866
2023-02-23 23:00:00,377.0,297.8340071439743
2023-02-24 00:00:00,342.0,300.72244477272034
2023-02-24 01:00:00,294.0,307.6878057718277
2023-02-24 02:00:00,278.0,315.0673588514328
2023-02-24 03:00:00,228.0,324.21514320373535
2023-02-24 04:00:00,344.0,336.18116104602814
2023-02-24 05:00:00,369.0,353.11457204818726
2023-02-24 06:00:00,342.0,369.4080272912979
2023-02-24 07:00:00,274.0,387.80834698677063
2023-02-24 08:00:00,418.00000000000006,405.2477706670761
2023-02-24 09:00:00,474.0,421.5339217185974
2023-02-24 10:00:00,459.00000000000006,432.403866648674
2023-02-24 11:00:00,451.0,436.02030515670776
2023-02-24 12:00:00,502.99999999999994,434.2037082910538
2023-02-24 13:00:00,460.00000000000006,426.48130238056183
2023-02-24 14:00:00,394.99999999999994,415.4495301246643
2023-02-24 15:00:00,461.99999999999994,397.0616966485977
2023-02-24 16:00:00,452.0,376.3398778438568
2023-02-24 17:00:00,365.0,361.45191192626953
2023-02-24 18:00:00,319.0,350.00528132915497
2023-02-24 19:00:00,329.0,339.3477008342743
2023-02-24 20:00:00,353.0,327.6355530023575
2023-02-24 21:00:00,385.0,317.63038980960846
2023-02-24 22:00:00,314.0,313.3077642917633
2023-02-24 23:00:00,267.0,313.6305799484253
2023-02-25 00:00:00,323.0,312.6972473859787
2023-02-25 01:00:00,284.0,313.4267781972885
2023-02-25 02:00:00,338.0,318.6258080005646
2023-02-25 03:00:00,275.0,326.6748297214508
2023-02-25 04:00:00,325.0,336.8784645795822
2023-02-25 05:00:00,319.0,349.30928564071655
2023-02-25 06:00:00,250.0,362.4903162717819
2023-02-25 07:00:00,371.0,375.84746181964874
2023-02-25 08:00:00,305.0,389.02370524406433
2023-02-25 09:00:00,371.0,395.83555483818054
2023-02-25 10:00:00,351.0,401.48931992053986
2023-02-25 11:00:00,380.0,403.47033512592316
2023-02-25 12:00:00,423.0,402.328808426857
2023-02-25 13:00:00,334.0,402.63474547863007
2023-02-25 14:00:00,355.0,401.39589536190033
2023-02-25 15:00:00,384.0,399.3370016813278
2023-02-25 16:00:00,303.0,390.597536444664
2023-02-25 17:00:00,406.0,378.8951851129532
2023-02-25 18:00:00,341.0,364.55794537067413
2023-02-25 19:00:00,299.0,349.25741600990295
2023-02-25 20:00:00,289.0,335.6970856189728
2023-02-25 21:00:00,372.0,326.12536203861237
2023-02-25 22:00:00,343.0,320.20292115211487
2023-02-25 23:00:00,276.0,317.53491711616516
2023-02-26 00:00:00,343.0,315.9892416000366
2023-02-26 01:00:00,362.0,317.22014594078064
2023-02-26 02:00:00,362.0,320.4830961227417
2023-02-26 03:00:00,349.0,322.4122416973114
2023-02-26 04:00:00,352.0,330.0490701198578
2023-02-26 05:00:00,376.0,341.09426629543304
2023-02-26 06:00:00,396.99999999999994,353.3213349580765
2023-02-26 07:00:00,279.0,362.4557694196701
2023-02-26 08:00:00,282.0,378.1900591850281
2023-02-26 09:00:00,314.0,396.2468104362488
2023-02-26 10:00:00,366.0,411.92649149894714
2023-02-26 11:00:00,387.0,423.2019671201706
2023-02-26 12:00:00,333.0,433.3157308101654
2023-02-26 13:00:00,372.0,432.6652135848999
2023-02-26 14:00:00,315.0,421.62973988056183
2023-02-26 15:00:00,286.0,409.5229682922363
2023-02-26 16:00:00,280.0,395.59360349178314
2023-02-26 17:00:00,305.0,377.0370579957962
2023-02-26 18:00:00,320.0,359.09408926963806
2023-02-26 19:00:00,318.0,343.7245155572891
2023-02-26 20:00:00,294.0,331.19072020053864
2023-02-26 21:00:00,294.0,324.2586475610733
2023-02-26 22:00:00,303.0,316.6048171520233
2023-02-26 23:00:00,290.0,312.064052939415
2023-02-27 00:00:00,365.0,314.35880291461945
2023-02-27 01:00:00,294.0,319.196053147316
2023-02-27 02:00:00,331.0,326.5494740009308
2023-02-27 03:00:00,334.0,329.470360994339
2023-02-27 04:00:00,341.0,334.08475935459137
2023-02-27 05:00:00,327.0,341.14833211898804
2023-02-27 06:00:00,340.0,346.83163475990295
2023-02-27 07:00:00,334.0,358.44004333019257
2023-02-27 08:00:00,379.0,368.6853811740875
2023-02-27 09:00:00,472.0,389.43654012680054
2023-02-27 10:00:00,441.99999999999994,406.83211398124695
2023-02-27 11:00:00,481.00000000000006,420.79188001155853
2023-02-27 12:00:00,466.0,427.5457649230957
2023-02-27 13:00:00,418.00000000000006,422.6584711074829
2023-02-27 14:00:00,458.00000000000006,413.8775496482849
2023-02-27 15:00:00,507.0,403.1509248018265
2023-02-27 16:00:00,464.0,387.43674623966217
2023-02-27 17:00:00,472.0,376.8206466436386
2023-02-27 18:00:00,389.0,367.72144997119904
2023-02-27 19:00:00,392.0,355.89171946048737
2023-02-27 20:00:00,360.0,344.5066316127777
2023-02-27 21:00:00,336.0,336.75446605682373
2023-02-27 22:00:00,308.0,327.8825136423111
2023-02-27 23:00:00,298.0,318.06893742084503
2023-02-28 00:00:00,300.0,311.7879248857498
2023-02-28 01:00:00,350.0,310.1135376691818
2023-02-28 02:00:00,348.0,313.2237043976784
2023-02-28 03:00:00,381.0,319.5112931728363
2023-02-28 04:00:00,316.0,330.1791636943817
2023-02-28 05:00:00,418.00000000000006,342.7215710878372
2023-02-28 06:00:00,357.0,359.1476368904114
2023-02-28 07:00:00,320.0,370.53600668907166
2023-02-28 08:00:00,427.0,383.9608393907547
2023-02-28 09:00:00,465.0,395.7287803888321
2023-02-28 10:00:00,522.0,411.9428765773773
2023-02-28 11:00:00,461.99999999999994,424.19654631614685
2023-02-28 12:00:00,426.0,428.9059238433838
2023-02-28 13:00:00,471.0,434.34710240364075
2023-02-28 14:00:00,444.0,428.72615683078766
2023-02-28 15:00:00,451.0,414.5528419017792
2023-02-28 16:00:00,499.00000000000006,397.934818983078
2023-02-28 17:00:00,429.0,380.26852118968964
2023-02-28 18:00:00,369.0,362.21670520305634
2023-02-28 19:00:00,356.0,346.66427993774414
2023-02-28 20:00:00,302.0,333.48337268829346
2023-02-28 21:00:00,310.0,322.6005220413208
2023-02-28 22:00:00,275.0,315.79405188560486
2023-02-28 23:00:00,282.0,312.8215913772583
2023-03-01 00:00:00,265.0,314.9467409849167
2023-03-01 01:00:00,316.0,316.0061448812485
2023-03-01 02:00:00,353.0,318.90334260463715
2023-03-01 03:00:00,350.0,324.40154814720154
2023-03-01 04:00:00,311.0,332.3399212360382
2023-03-01 05:00:00,340.0,342.7508865594864
2023-03-01 06:00:00,353.0,355.65675151348114
2023-03-01 07:00:00,416.0,370.5489864349365
2023-03-01 08:00:00,409.0,387.0954726934433
2023-03-01 09:00:00,423.0,406.47961270809174
2023-03-01 10:00:00,471.0,422.67584323883057
2023-03-01 11:00:00,446.0,435.8566024303436
2023-03-01 12:00:00,480.00000000000006,442.1137282848358
2023-03-01 13:00:00,408.0,439.37213945388794
2023-03-01 14:00:00,452.0,429.0129944086075
2023-03-01 15:00:00,383.0,417.4795525074005
2023-03-01 16:00:00,465.0,401.38429749011993
2023-03-01 17:00:00,487.0,386.15537881851196
2023-03-01 18:00:00,413.0,369.61232256889343
2023-03-01 19:00:00,319.0,352.6530507802963
2023-03-01 20:00:00,367.0,336.96236407756805
2023-03-01 21:00:00,387.0,323.9705021381378
2023-03-01 22:00:00,327.0,314.2644776701927
2023-03-01 23:00:00,352.0,306.42889380455017
2023-03-02 00:00:00,315.0,302.2829260826111
2023-03-02 01:00:00,361.0,302.0889701843262
2023-03-02 02:00:00,270.0,305.97159218788147
2023-03-02 03:00:00,338.0,313.1216307878494
2023-03-02 04:00:00,371.0,322.3903044462204
2023-03-02 05:00:00,382.0,337.5639234781265
2023-03-02 06:00:00,386.0,354.8475408554077
2023-03-02 07:00:00,412.0,373.7482717037201
2023-03-02 08:00:00,497.00000000000006,395.44865477085114
2023-03-02 09:00:00,468.0,417.24209225177765
2023-03-02 10:00:00,437.00000000000006,436.9146491289139
2023-03-02 11:00:00,388.0,448.90773689746857
2023-03-02 12:00:00,344.0,456.1081645488739
2023-03-02 13:00:00,435.0,454.45781207084656
2023-03-02 14:00:00,458.00000000000006,446.80430245399475
2023-03-02 15:00:00,423.0,428.63268291950226
2023-03-02 16:00:00,411.0,410.9543184041977
2023-03-02 17:00:00,459.00000000000006,389.1820285320282
2023-03-02 18:00:00,353.0,367.75666308403015
2023-03-02 19:00:00,311.0,349.3067193031311
2023-03-02 20:00:00,329.0,331.54749047756195
2023-03-02 21:00:00,345.0,317.65232706069946
2023-03-02 22:00:00,296.0,305.2217527627945
2023-03-02 23:00:00,346.0,296.94496858119965
2023-03-03 00:00:00,300.0,291.671342253685
2023-03-03 01:00:00,324.0,293.3406708240509
2023-03-03 02:00:00,302.0,300.1892758011818
2023-03-03 03:00:00,347.0,309.2546042203903
2023-03-03 04:00:00,334.0,322.57707953453064
2023-03-03 05:00:00,333.0,338.96669840812683
2023-03-03 06:00:00,406.0,359.5198298692703
2023-03-03 07:00:00,368.0,383.7134345769882
2023-03-03 08:00:00,467.0,405.9774248600006
2023-03-03 09:00:00,471.0,426.64606618881226
2023-03-03 10:00:00,505.0,447.16899383068085
2023-03-03 11:00:00,467.0,460.4652135372162
2023-03-03 12:00:00,438.00000000000006,461.8619427680969
2023-03-03 13:00:00,443.0,454.0062847137451
2023-03-03 14:00:00,473.0,439.20818996429443
2023-03-03 15:00:00,431.0,421.58675372600555
2023-03-03 16:00:00,397.99999999999994,400.0885190963745
2023-03-03 17:00:00,434.0,381.20005238056183
2023-03-03 18:00:00,415.0,363.7352614402771
2023-03-03 19:00:00,383.0,345.4194087982178
2023-03-03 20:00:00,326.0,334.2127307653427
2023-03-03 21:00:00,309.0,327.00267934799194
2023-03-03 22:00:00,337.0,325.66403818130493
2023-03-03 23:00:00,334.0,326.01533031463623
2023-03-04 00:00:00,280.0,330.45055389404297
2023-03-04 01:00:00,334.0,333.97541856765747
2023-03-04 02:00:00,322.0,334.6946099996567
2023-03-04 03:00:00,308.0,338.44972944259644
2023-03-04 04:00:00,306.0,342.45977997779846
2023-03-04 05:00:00,311.0,348.30066561698914
2023-03-04 06:00:00,374.0,353.88222777843475
2023-03-04 07:00:00,289.0,358.3146629333496
2023-03-04 08:00:00,358.0,369.37686109542847
2023-03-04 09:00:00,416.0,381.15232837200165
2023-03-04 10:00:00,340.0,389.73243391513824
2023-03-04 11:00:00,374.0,394.7621841430664
2023-03-04 12:00:00,348.0,396.3786313533783
2023-03-04 13:00:00,390.0,394.5100908279419
2023-03-04 14:00:00,338.0,391.5705978870392
2023-03-04 15:00:00,319.0,381.2136490345001
2023-03-04 16:00:00,406.0,371.78423380851746
2023-03-04 17:00:00,416.0,363.7588766813278
2023-03-04 18:00:00,333.0,351.3873281478882
2023-03-04 19:00:00,310.0,339.86824786663055
2023-03-04 20:00:00,302.0,330.10170471668243
2023-03-04 21:00:00,325.0,322.6738107204437
2023-03-04 22:00:00,211.99999999999997,314.70895993709564
2023-03-04 23:00:00,324.0,311.66772651672363
2023-03-05 00:00:00,230.0,310.30890011787415
2023-03-05 01:00:00,338.0,312.26671957969666
2023-03-05 02:00:00,359.0,317.24400794506073
2023-03-05 03:00:00,405.0,326.754287481308
2023-03-05 04:00:00,300.0,337.9654812812805
2023-03-05 05:00:00,313.0,351.9805716276169
2023-03-05 06:00:00,330.0,369.6456849575043
2023-03-05 07:00:00,325.0,387.7347375154495
2023-03-05 08:00:00,354.0,406.85711109638214
2023-03-05 09:00:00,327.0,425.30036759376526
2023-03-05 10:00:00,293.0,447.61635088920593
2023-03-05 11:00:00,373.0,463.06412386894226
2023-03-05 12:00:00,376.0,467.8163148164749
2023-03-05 13:00:00,313.0,461.9111473560333
2023-03-05 14:00:00,300.0,448.34834933280945
2023-03-05 15:00:00,326.0,429.6543073654175
2023-03-05 16:00:00,314.0,407.31236457824707
2023-03-05 17:00:00,271.0,387.2199400663376
2023-03-05 18:00:00,317.0,369.6007740497589
2023-03-05 19:00:00,287.0,350.82845878601074
2023-03-05 20:00:00,242.99999999999997,333.1601622104645
2023-03-05 21:00:00,329.0,319.2957454919815
2023-03-05 22:00:00,303.0,310.722462952137
2023-03-05 23:00:00,342.0,305.82523691654205
2023-03-06 00:00:00,369.0,301.95613753795624
2023-03-06 01:00:00,363.0,302.5542175769806
2023-03-06 02:00:00,355.0,306.1405016183853
2023-03-06 03:00:00,301.0,310.7013770341873
2023-03-06 04:00:00,278.0,319.7117882966995
2023-03-06 05:00:00,361.0,333.60043716430664
2023-03-06 06:00:00,376.0,351.63853311538696
2023-03-06 07:00:00,353.0,367.54178166389465
2023-03-06 08:00:00,370.0,385.7774609327316
2023-03-06 09:00:00,527.0,404.8743191957474
2023-03-06 10:00:00,483.99999999999994,416.07833218574524
2023-03-06 11:00:00,460.00000000000006,425.7164844274521
2023-03-06 12:00:00,454.0,432.08013796806335
2023-03-06 13:00:00,362.0,433.19861698150635
2023-03-06 14:00:00,430.0,424.02805638313293
2023-03-06 15:00:00,410.0,409.72025549411774
2023-03-06 16:00:00,494.0,398.7382060289383
2023-03-06 17:00:00,489.0,386.2578595876694
2023-03-06 18:00:00,341.0,369.14443480968475
2023-03-06 19:00:00,335.0,353.0907347202301
2023-03-06 20:00:00,275.0,341.9617130756378
2023-03-06 21:00:00,291.0,335.3790818452835
2023-03-06 22:00:00,312.0,325.80913496017456
2023-03-06 23:00:00,345.0,322.9879649877548
2023-03-07 00:00:00,348.0,320.39566791057587
2023-03-07 01:00:00,354.0,323.134418964386
2023-03-07 02:00:00,369.0,327.5926162004471
2023-03-07 03:00:00,369.0,335.6868449449539
2023-03-07 04:00:00,334.0,338.0446182489395
2023-03-07 05:00:00,374.0,339.7274694442749
2023-03-07 06:00:00,336.0,342.57946014404297
2023-03-07 07:00:00,362.0,346.51474142074585
2023-03-07 08:00:00,461.99999999999994,352.63639426231384
2023-03-07 09:00:00,520.0,363.2890148162842
2023-03-07 10:00:00,423.0,376.16901898384094
2023-03-07 11:00:00,481.99999999999994,389.31732881069183
2023-03-07 12:00:00,476.0,399.4530050754547
2023-03-07 13:00:00,468.0,399.87307012081146
2023-03-07 14:00:00,395.99999999999994,398.88865756988525
2023-03-07 15:00:00,332.0,399.63163697719574
2023-03-07 16:00:00,468.0,393.24848914146423
2023-03-07 17:00:00,479.00000000000006,384.16834259033203
2023-03-07 18:00:00,334.0,372.66757214069366
2023-03-07 19:00:00,304.0,359.0540395975113
2023-03-07 20:00:00,369.0,344.84913897514343
2023-03-07 21:00:00,366.0,336.2441350221634
2023-03-07 22:00:00,330.0,329.4948892593384
2023-03-07 23:00:00,301.0,326.1963064670563
2023-03-08 00:00:00,372.0,327.6187484264374
2023-03-08 01:00:00,379.0,326.38503098487854
2023-03-08 02:00:00,287.0,327.23115742206573
2023-03-08 03:00:00,358.0,329.56055295467377
2023-03-08 04:00:00,420.0,335.7881165742874
2023-03-08 05:00:00,358.0,346.93483114242554
2023-03-08 06:00:00,308.0,360.1089770793915
2023-03-08 07:00:00,357.0,373.7366738319397
2023-03-08 08:00:00,447.0,386.59007692337036
2023-03-08 09:00:00,461.99999999999994,404.04391157627106
2023-03-08 10:00:00,525.0,416.7257401943207
2023-03-08 11:00:00,512.0,423.2452493906021
2023-03-08 12:00:00,454.0,428.06056237220764
2023-03-08 13:00:00,491.0,428.40672183036804
2023-03-08 14:00:00,461.99999999999994,422.36260199546814
2023-03-08 15:00:00,424.0,410.4927724599838
2023-03-08 16:00:00,495.0,402.33732175827026
2023-03-08 17:00:00,437.00000000000006,389.5120003223419
2023-03-08 18:00:00,377.0,371.18144059181213
2023-03-08 19:00:00,336.0,352.47663974761963
2023-03-08 20:00:00,333.0,333.60709977149963
2023-03-08 21:00:00,330.0,319.1732028722763
2023-03-08 22:00:00,282.0,309.0160582065582
2023-03-08 23:00:00,334.0,302.3732167482376
2023-03-09 00:00:00,377.0,301.60030496120453
2023-03-09 01:00:00,327.0,302.28043377399445
2023-03-09 02:00:00,304.0,305.7174754142761
2023-03-09 03:00:00,282.0,313.91677594184875
2023-03-09 04:00:00,275.0,323.8786815404892
2023-03-09 05:00:00,291.0,336.8736526966095
2023-03-09 06:00:00,310.0,350.6614000797272
2023-03-09 07:00:00,354.0,369.09229373931885
2023-03-09 08:00:00,516.0,392.631556391716
2023-03-09 09:00:00,466.0,417.7698447704315
2023-03-09 10:00:00,466.0,436.3639476299286
2023-03-09 11:00:00,425.0,457.4065339565277
2023-03-09 12:00:00,430.0,468.1031277179718
2023-03-09 13:00:00,402.0,466.3547362089157
2023-03-09 14:00:00,354.0,452.01303005218506
2023-03-09 15:00:00,494.0,425.8219757080078
2023-03-09 16:00:00,469.0,404.5168579816818
2023-03-09 17:00:00,506.0,385.18895530700684
2023-03-09 18:00:00,412.0,363.38586938381195
2023-03-09 19:00:00,354.0,344.85015070438385
2023-03-09 20:00:00,294.0,332.84358966350555
2023-03-09 21:00:00,392.0,321.30644631385803
2023-03-09 22:00:00,396.99999999999994,311.886975646019
2023-03-09 23:00:00,387.0,304.4310246706009
2023-03-10 00:00:00,337.0,301.25908076763153
2023-03-10 01:00:00,321.0,302.13207972049713
2023-03-10 02:00:00,234.0,304.74504321813583
2023-03-10 03:00:00,296.0,313.7238070964813
2023-03-10 04:00:00,388.0,328.0434526205063
2023-03-10 05:00:00,327.0,343.8630484342575
2023-03-10 06:00:00,304.0,359.3398160934448
2023-03-10 07:00:00,380.0,375.6740119457245
2023-03-10 08:00:00,364.0,394.123388171196
2023-03-10 09:00:00,461.99999999999994,411.9424817562103
2023-03-10 10:00:00,428.0,429.95836901664734
2023-03-10 11:00:00,401.0,438.85830438137054
2023-03-10 12:00:00,425.0,441.39510440826416
2023-03-10 13:00:00,454.0,440.17175102233887
2023-03-10 14:00:00,515.0,430.8500726222992
2023-03-10 15:00:00,495.0,416.57010662555695
2023-03-10 16:00:00,498.00000000000006,399.7574121952057
2023-03-10 17:00:00,397.99999999999994,382.4889214038849
2023-03-10 18:00:00,374.0,365.99013447761536
2023-03-10 19:00:00,374.0,346.7919799089432
2023-03-10 20:00:00,365.0,329.60647559165955
2023-03-10 21:00:00,434.0,317.2655256986618
2023-03-10 22:00:00,320.0,307.1981041431427
2023-03-10 23:00:00,274.0,303.9805830717087
2023-03-11 00:00:00,291.0,305.51468539237976
2023-03-11 01:00:00,365.0,308.445553958416
2023-03-11 02:00:00,350.0,314.19078183174133
2023-03-11 03:00:00,337.0,320.3824907541275
2023-03-11 04:00:00,373.0,326.68312096595764
2023-03-11 05:00:00,251.99999999999997,337.9536613225937
2023-03-11 06:00:00,337.0,352.60219287872314
2023-03-11 07:00:00,386.0,371.429486989975
2023-03-11 08:00:00,390.0,395.59340608119965
2023-03-11 09:00:00,373.0,417.94973516464233
2023-03-11 10:00:00,347.0,444.19897627830505
2023-03-11 11:00:00,380.0,462.46360087394714
2023-03-11 12:00:00,360.0,471.2677674293518
2023-03-11 13:00:00,374.0,467.64878726005554
2023-03-11 14:00:00,320.0,453.67320370674133
2023-03-11 15:00:00,369.0,440.0278140306473
2023-03-11 16:00:00,337.0,421.36454343795776
2023-03-11 17:00:00,400.0,405.33174419403076
2023-03-11 18:00:00,341.0,387.01404082775116
2023-03-11 19:00:00,316.0,368.3338669538498
2023-03-11 20:00:00,315.0,350.8124438524246
2023-03-11 21:00:00,293.0,340.5159766674042
2023-03-11 22:00:00,294.0,333.98501765727997
2023-03-11 23:00:00,318.0,328.25371956825256
2023-03-12 00:00:00,331.0,322.35901486873627
2023-03-12 01:00:00,337.0,318.90275037288666
2023-03-12 02:00:00,338.0,317.6187672615051
2023-03-12 03:00:00,365.0,318.94854962825775
2023-03-12 04:00:00,360.0,320.4840831756592
2023-03-12 05:00:00,328.0,323.71024096012115
2023-03-12 06:00:00,355.0,327.7840304374695
2023-03-12 07:00:00,352.0,334.4381983280182
2023-03-12 08:00:00,338.0,342.0420591831207
2023-03-12 09:00:00,348.0,355.7753459215164
2023-03-12 10:00:00,412.0,370.9329500198364
2023-03-12 11:00:00,308.0,387.2861466407776
2023-03-12 12:00:00,388.0,401.3627550601959
2023-03-12 13:00:00,334.0,412.43993175029755
2023-03-12 14:00:00,332.0,424.1805807352066
2023-03-12 15:00:00,346.0,427.52780055999756
2023-03-12 16:00:00,339.0,424.97700905799866
2023-03-12 17:00:00,346.0,411.2404156923294
2023-03-12 18:00:00,395.99999999999994,391.66217172145844
2023-03-12 19:00:00,253.0,372.0484925508499
2023-03-12 20:00:00,320.0,353.48772740364075
2023-03-12 21:00:00,316.0,340.5627136230469
2023-03-12 22:00:00,280.0,328.61073660850525
2023-03-12 23:00:00,312.0,317.72845351696014
2023-03-13 00:00:00,350.0,311.71288418769836
2023-03-13 01:00:00,312.0,313.0444926023483
2023-03-13 02:00:00,317.0,316.4178693294525
2023-03-13 03:00:00,350.0,319.2148811817169
2023-03-13 04:00:00,310.0,327.48426246643066
2023-03-13 05:00:00,343.0,332.47342014312744
2023-03-13 06:00:00,290.0,344.4706041812897
2023-03-13 07:00:00,368.0,360.34764647483826
2023-03-13 08:00:00,548.0,376.68998551368713
2023-03-13 09:00:00,573.0,393.3241467475891
2023-03-13 10:00:00,511.0,409.2872107028961
2023-03-13 11:00:00,449.0,422.92532086372375
2023-03-13 12:00:00,420.0,429.3006956577301
2023-03-13 13:00:00,455.0,429.3172287940979
2023-03-13 14:00:00,440.00000000000006,420.36567056179047
2023-03-13 15:00:00,465.0,410.35184597969055
2023-03-13 16:00:00,472.0,396.4690947532654
2023-03-13 17:00:00,528.0,385.7679605484009
2023-03-13 18:00:00,411.0,372.1265437602997
2023-03-13 19:00:00,394.0,357.0688787698746
2023-03-13 20:00:00,378.0,341.79657912254333
2023-03-13 21:00:00,326.0,328.9786112308502
2023-03-13 22:00:00,353.0,320.0722106695175
2023-03-13 23:00:00,421.0,316.9955667257309
2023-03-14 00:00:00,337.0,317.4094133377075
2023-03-14 01:00:00,396.99999999999994,320.6105246543884
2023-03-14 02:00:00,373.0,326.3235375881195
2023-03-14 03:00:00,359.0,334.7326115369797
2023-03-14 04:00:00,346.0,344.6797606945038
2023-03-14 05:00:00,337.0,354.69042670726776
2023-03-14 06:00:00,339.0,364.11944711208344
2023-03-14 07:00:00,367.0,373.8752067089081
2023-03-14 08:00:00,475.0,382.22646403312683
2023-03-14 09:00:00,459.00000000000006,390.1606914997101
2023-03-14 10:00:00,401.0,401.22789895534515
2023-03-14 11:00:00,422.0,406.31267738342285
2023-03-14 12:00:00,392.0,413.6002371311188
2023-03-14 13:00:00,411.0,413.4986447095871
2023-03-14 14:00:00,471.0,409.3627942800522
2023-03-14 15:00:00,464.0,400.82054221630096
2023-03-14 16:00:00,472.0,387.1079342365265
2023-03-14 17:00:00,454.0,376.9841272830963
2023-03-14 18:00:00,355.0,370.3498238325119
2023-03-14 19:00:00,360.0,359.8643606901169
2023-03-14 20:00:00,306.0,353.0666012763977
2023-03-14 21:00:00,310.0,344.05350029468536
2023-03-14 22:00:00,271.0,334.65206801891327
2023-03-14 23:00:00,312.0,330.3914541006088
2023-03-15 00:00:00,320.0,333.51197254657745
2023-03-15 01:00:00,292.0,344.036794424057
2023-03-15 02:00:00,364.0,355.9759644269943
2023-03-15 03:00:00,290.0,361.84167444705963
2023-03-15 04:00:00,344.0,364.3303556442261
2023-03-15 05:00:00,281.0,366.11768639087677
2023-03-15 06:00:00,384.0,372.6052644252777
2023-03-15 07:00:00,320.0,375.6169356107712
2023-03-15 08:00:00,322.0,382.246772646904
2023-03-15 09:00:00,464.0,392.32816100120544
2023-03-15 10:00:00,441.99999999999994,397.26606595516205
2023-03-15 11:00:00,470.0,398.3197202682495
2023-03-15 12:00:00,459.00000000000006,388.66002559661865
2023-03-15 13:00:00,424.0,376.1503143310547
2023-03-15 14:00:00,538.0,366.11339271068573
2023-03-15 15:00:00,496.0,357.27648067474365
2023-03-15 16:00:00,512.0,352.20835876464844
2023-03-15 17:00:00,460.99999999999994,353.3440865278244
2023-03-15 18:00:00,414.0,349.27821815013885
2023-03-15 19:00:00,357.0,343.63432359695435
2023-03-15 20:00:00,322.0,337.2061414718628
2023-03-15 21:00:00,355.0,331.70729434490204
2023-03-15 22:00:00,364.0,329.2700386047363
2023-03-15 23:00:00,348.0,328.99697041511536
2023-03-16 00:00:00,334.0,326.2366029024124
2023-03-16 01:00:00,356.0,327.5763051509857
2023-03-16 02:00:00,372.0,329.7932013273239
2023-03-16 03:00:00,350.0,334.2691901922226
2023-03-16 04:00:00,371.0,341.7815018892288
2023-03-16 05:00:00,271.0,350.61286175251007
2023-03-16 06:00:00,303.0,357.88026094436646
2023-03-16 07:00:00,454.0,369.95036351680756
2023-03-16 08:00:00,523.0,384.5284688472748
2023-03-16 09:00:00,515.0,396.65261256694794
2023-03-16 10:00:00,529.0,407.82731008529663
2023-03-16 11:00:00,508.0,417.64670991897583
2023-03-16 12:00:00,434.0,426.944304227829
2023-03-16 13:00:00,397.99999999999994,429.06977462768555
2023-03-16 14:00:00,491.0,425.95335245132446
2023-03-16 15:00:00,491.0,417.6154203414917
2023-03-16 16:00:00,457.00000000000006,404.79330682754517
2023-03-16 17:00:00,496.0,385.98649406433105
2023-03-16 18:00:00,392.0,368.4361503124237
2023-03-16 19:00:00,292.0,350.3917125463486
2023-03-16 20:00:00,332.0,334.69266057014465
2023-03-16 21:00:00,284.0,323.110902428627
2023-03-16 22:00:00,292.0,312.3236725330353
2023-03-16 23:00:00,349.0,306.78976035118103
2023-03-17 00:00:00,292.0,306.5815415382385
2023-03-17 01:00:00,314.0,307.2175244092941
2023-03-17 02:00:00,327.0,312.82588505744934
2023-03-17 03:00:00,318.0,320.20864605903625
2023-03-17 04:00:00,236.0,331.32466328144073
2023-03-17 05:00:00,251.99999999999997,342.0220466852188
2023-03-17 06:00:00,370.0,358.50911235809326
2023-03-17 07:00:00,352.0,371.334680557251
2023-03-17 08:00:00,438.00000000000006,384.47672259807587
2023-03-17 09:00:00,481.99999999999994,404.56260788440704
2023-03-17 10:00:00,507.0,425.15914499759674
2023-03-17 11:00:00,474.0,441.93561458587646
2023-03-17 12:00:00,420.0,448.8448369503021
2023-03-17 13:00:00,399.0,445.9236044883728
2023-03-17 14:00:00,525.0,437.76995515823364
2023-03-17 15:00:00,489.0,424.04587268829346
2023-03-17 16:00:00,470.0,405.9280968904495
2023-03-17 17:00:00,472.0,387.8269776105881
2023-03-17 18:00:00,329.0,368.9706394672394
2023-03-17 19:00:00,290.0,349.918692111969
2023-03-17 20:00:00,318.0,334.0957896709442
2023-03-17 21:00:00,264.0,322.07457089424133
2023-03-17 22:00:00,291.0,314.72031104564667
2023-03-17 23:00:00,379.0,310.8771711587906
2023-03-18 00:00:00,271.0,307.4376372098923
2023-03-18 01:00:00,262.0,307.78772020339966
2023-03-18 02:00:00,357.0,311.3642077445984
2023-03-18 03:00:00,326.0,316.2701075077057
2023-03-18 04:00:00,190.0,325.4906129837036
2023-03-18 05:00:00,276.0,336.2408777475357
2023-03-18 06:00:00,374.0,347.1577076911926
2023-03-18 07:00:00,356.0,365.7887510061264
2023-03-18 08:00:00,389.0,387.90742242336273
2023-03-18 09:00:00,364.0,408.5065999031067
2023-03-18 10:00:00,418.00000000000006,425.61452186107635
2023-03-18 11:00:00,458.00000000000006,433.5790271759033
2023-03-18 12:00:00,323.0,431.6725344657898
2023-03-18 13:00:00,325.0,421.66107881069183
2023-03-18 14:00:00,359.0,411.0430791378021
2023-03-18 15:00:00,339.0,399.5181999206543
2023-03-18 16:00:00,391.0,386.32924818992615
2023-03-18 17:00:00,305.0,375.88536465168
2023-03-18 18:00:00,292.0,361.92169976234436
2023-03-18 19:00:00,297.0,346.27812016010284
2023-03-18 20:00:00,276.0,331.6801503896713
2023-03-18 21:00:00,268.0,321.5061764717102
2023-03-18 22:00:00,333.0,314.32741463184357
2023-03-18 23:00:00,384.0,313.05976724624634
2023-03-19 00:00:00,325.0,312.54294633865356
2023-03-19 01:00:00,310.0,315.0804126262665
2023-03-19 02:00:00,327.0,321.3998955488205
2023-03-19 03:00:00,342.0,328.3666137456894
2023-03-19 04:00:00,238.0,334.8102432489395
2023-03-19 05:00:00,369.0,344.2933541536331
2023-03-19 06:00:00,337.0,358.4361197948456
2023-03-19 07:00:00,344.0,372.1085053682327
2023-03-19 08:00:00,338.0,389.4994647502899
2023-03-19 09:00:00,359.0,406.46762001514435
2023-03-19 10:00:00,440.00000000000006,421.5103064775467
2023-03-19 11:00:00,268.0,429.19152760505676
2023-03-19 12:00:00,319.0,428.54720413684845
2023-03-19 13:00:00,339.0,421.4159688949585
2023-03-19 14:00:00,358.0,412.86029291152954
2023-03-19 15:00:00,356.0,400.14754486083984
2023-03-19 16:00:00,362.0,384.2234694957733
2023-03-19 17:00:00,360.0,369.78493344783783
2023-03-19 18:00:00,337.0,358.18141078948975
2023-03-19 19:00:00,342.0,345.44366562366486
2023-03-19 20:00:00,253.0,335.89647030830383
2023-03-19 21:00:00,271.0,325.52249479293823
2023-03-19 22:00:00,280.0,321.0672587156296
2023-03-19 23:00:00,345.0,320.37020194530487
2023-03-20 00:00:00,326.0,320.5453791618347
2023-03-20 01:00:00,366.0,324.63829278945923
2023-03-20 02:00:00,352.0,342.3655164241791
2023-03-20 03:00:00,362.0,371.4217139482498
2023-03-20 04:00:00,295.0,400.3906066417694
2023-03-20 05:00:00,376.0,426.8779002428055
2023-03-20 06:00:00,356.0,451.0937383174896
2023-03-20 07:00:00,287.0,465.2006245851517
2023-03-20 08:00:00,352.0,466.21847355365753
2023-03-20 09:00:00,500.00000000000006,458.9017217159271
2023-03-20 10:00:00,578.0,443.9990487098694
2023-03-20 11:00:00,478.00000000000006,427.78228747844696
2023-03-20 12:00:00,450.0,403.2351450920105
2023-03-20 13:00:00,494.0,378.96363723278046
2023-03-20 14:00:00,471.0,361.6513212919235
2023-03-20 15:00:00,478.00000000000006,346.73936998844147
2023-03-20 16:00:00,466.0,338.81476628780365
2023-03-20 17:00:00,454.0,329.2725555896759
2023-03-20 18:00:00,311.0,321.31806886196136
2023-03-20 19:00:00,307.0,316.76057410240173
2023-03-20 20:00:00,315.0,313.9540865421295
2023-03-20 21:00:00,308.0,312.33638083934784
2023-03-20 22:00:00,279.0,312.80582320690155
2023-03-20 23:00:00,350.0,316.8950353860855
2023-03-21 00:00:00,334.0,321.75422286987305
2023-03-21 01:00:00,288.0,329.82528054714203
2023-03-21 02:00:00,349.0,337.98971343040466
2023-03-21 03:00:00,356.0,346.5082268714905
2023-03-21 04:00:00,300.0,350.80812549591064
2023-03-21 05:00:00,291.0,357.7660835981369
2023-03-21 06:00:00,357.0,364.2711818218231
2023-03-21 07:00:00,361.0,370.53126883506775
2023-03-21 08:00:00,428.0,379.22705698013306
2023-03-21 09:00:00,378.0,389.31994450092316
2023-03-21 10:00:00,377.0,405.63861894607544
2023-03-21 11:00:00,362.0,409.08101534843445
2023-03-21 12:00:00,335.0,413.47080981731415
2023-03-21 13:00:00,394.0,413.3852570056915
2023-03-21 14:00:00,426.0,411.64861142635345
2023-03-21 15:00:00,373.0,408.39629673957825
2023-03-21 16:00:00,369.0,399.2721769809723
2023-03-21 17:00:00,356.0,387.92649722099304
2023-03-21 18:00:00,331.0,371.65754556655884
2023-03-21 19:00:00,329.0,353.8007218837738
2023-03-21 20:00:00,334.0,336.5594490766525
2023-03-21 21:00:00,290.0,322.69535315036774
2023-03-21 22:00:00,333.0,314.42140674591064
2023-03-21 23:00:00,325.0,311.2464029788971
2023-03-22 00:00:00,288.0,311.5233823657036
2023-03-22 01:00:00,388.0,314.40706980228424
2023-03-22 02:00:00,325.0,319.11116659641266
2023-03-22 03:00:00,338.0,327.2739955186844
2023-03-22 04:00:00,305.0,335.56218016147614
2023-03-22 05:00:00,301.0,347.0230983495712
2023-03-22 06:00:00,366.0,360.91828644275665
2023-03-22 07:00:00,420.0,373.27653443813324
2023-03-22 08:00:00,521.0,387.83517014980316
2023-03-22 09:00:00,452.0,408.77293145656586
2023-03-22 10:00:00,465.0,429.83562898635864
2023-03-22 11:00:00,452.0,444.85689640045166
2023-03-22 12:00:00,483.99999999999994,446.37774753570557
2023-03-22 13:00:00,511.0,440.18487882614136
2023-03-22 14:00:00,446.0,425.44262659549713
2023-03-22 15:00:00,436.00000000000006,404.9803286790848
2023-03-22 16:00:00,460.99999999999994,389.6269426345825
2023-03-22 17:00:00,404.0,375.2289991378784
2023-03-22 18:00:00,345.0,356.66702485084534
2023-03-22 19:00:00,330.0,338.2531085014343
2023-03-22 20:00:00,309.0,325.1089196205139
2023-03-22 21:00:00,335.0,315.02777802944183
2023-03-22 22:00:00,367.0,308.2513883113861
2023-03-22 23:00:00,274.0,305.2117711901665
2023-03-23 00:00:00,313.0,306.43215107917786
2023-03-23 01:00:00,366.0,307.4215975999832
2023-03-23 02:00:00,382.0,313.778391122818
2023-03-23 03:00:00,324.0,322.8830906152725
2023-03-23 04:00:00,313.0,333.6252615451813
2023-03-23 05:00:00,355.0,346.43780064582825
2023-03-23 06:00:00,314.0,361.93495094776154
2023-03-23 07:00:00,391.0,379.57188391685486
2023-03-23 08:00:00,454.0,397.6733980178833
2023-03-23 09:00:00,515.0,408.5506224632263
2023-03-23 10:00:00,505.0,415.674528837204
2023-03-23 11:00:00,450.0,418.58904933929443
2023-03-23 12:00:00,418.00000000000006,415.19200801849365
2023-03-23 13:00:00,400.0,410.6581038236618
2023-03-23 14:00:00,452.0,403.3324685096741
2023-03-23 15:00:00,460.00000000000006,392.606090426445
2023-03-23 16:00:00,414.0,377.4016753435135
2023-03-23 17:00:00,385.0,366.7464144229889
2023-03-23 18:00:00,328.0,358.3729977607727
2023-03-23 19:00:00,221.99999999999997,351.61938428878784
2023-03-23 20:00:00,290.0,344.1657282114029
2023-03-23 21:00:00,289.0,338.7353825569153
2023-03-23 22:00:00,323.0,335.11736476421356
2023-03-23 23:00:00,282.0,332.64983117580414
2023-03-24 00:00:00,227.0,330.31991744041443
2023-03-24 01:00:00,314.0,332.63290321826935
2023-03-24 02:00:00,276.0,335.5114209651947
2023-03-24 03:00:00,258.0,340.4876482486725
2023-03-24 04:00:00,305.0,343.4297322034836
2023-03-24 05:00:00,342.0,346.4523103237152
2023-03-24 06:00:00,324.0,354.25898587703705
2023-03-24 07:00:00,354.0,365.1473640203476
2023-03-24 08:00:00,458.00000000000006,378.8134571313858
2023-03-24 09:00:00,481.99999999999994,389.576997756958
2023-03-24 10:00:00,543.0,397.6446007490158
2023-03-24 11:00:00,516.0,403.3644243478775
2023-03-24 12:00:00,548.0,408.6023440361023
2023-03-24 13:00:00,466.0,409.5872747898102
2023-03-24 14:00:00,469.0,401.3465427160263
2023-03-24 15:00:00,466.0,390.9585510492325
2023-03-24 16:00:00,458.00000000000006,379.792786359787
2023-03-24 17:00:00,454.0,366.602995634079
2023-03-24 18:00:00,381.0,352.4534193277359
2023-03-24 19:00:00,316.0,341.900910615921
2023-03-24 20:00:00,290.0,331.0975424051285
2023-03-24 21:00:00,273.0,323.22806560993195
2023-03-24 22:00:00,279.0,322.3094154596329
2023-03-24 23:00:00,344.0,320.9769433736801
2023-03-25 00:00:00,341.0,323.41247177124023
2023-03-25 01:00:00,322.0,328.45744729042053
2023-03-25 02:00:00,337.0,335.0797333717346
2023-03-25 03:00:00,300.0,341.03153908252716
2023-03-25 04:00:00,288.0,347.61236894130707
2023-03-25 05:00:00,307.0,358.6560105085373
2023-03-25 06:00:00,255.0,366.1538372039795
2023-03-25 07:00:00,258.0,377.20243871212006
2023-03-25 08:00:00,390.0,394.3318290710449
2023-03-25 09:00:00,381.0,423.674666762352
2023-03-25 10:00:00,357.0,442.9146970510483
2023-03-25 11:00:00,391.0,466.83098924160004
2023-03-25 12:00:00,362.0,471.0964150428772
2023-03-25 13:00:00,320.0,457.15927720069885
2023-03-25 14:00:00,342.0,436.07163190841675
2023-03-25 15:00:00,344.0,412.2547606229782
2023-03-25 16:00:00,316.0,385.6778919696808
2023-03-25 17:00:00,386.0,361.2377954721451
2023-03-25 18:00:00,196.0,348.82331013679504
2023-03-25 19:00:00,251.99999999999997,334.3753477334976
2023-03-25 20:00:00,299.0,325.26095044612885
2023-03-25 21:00:00,273.0,319.84348583221436
2023-03-25 22:00:00,263.0,319.09902584552765
2023-03-25 23:00:00,290.0,320.18836212158203
2023-03-26 00:00:00,331.0,318.17630410194397
2023-03-26 01:00:00,312.0,321.49694752693176
2023-03-26 02:00:00,356.0,326.3465359210968
2023-03-26 03:00:00,317.0,330.01763248443604
2023-03-26 04:00:00,236.0,337.4459459781647
2023-03-26 05:00:00,298.0,347.290367603302
2023-03-26 06:00:00,348.0,358.43895757198334
2023-03-26 07:00:00,364.0,368.8843710422516
2023-03-26 08:00:00,276.0,381.0809644460678
2023-03-26 09:00:00,368.0,390.27706503868103
2023-03-26 10:00:00,320.0,400.58505606651306
2023-03-26 11:00:00,318.0,399.1177031993866
2023-03-26 12:00:00,345.0,398.954173207283
2023-03-26 13:00:00,316.0,393.91894483566284
2023-03-26 14:00:00,277.0,386.56732535362244
2023-03-26 15:00:00,274.0,381.13747322559357
2023-03-26 16:00:00,332.0,372.5194648504257
2023-03-26 17:00:00,360.0,368.1023043394089
2023-03-26 18:00:00,356.0,359.7324904203415
2023-03-26 19:00:00,310.0,351.28882026672363
2023-03-26 20:00:00,279.0,341.3807337284088
2023-03-26 21:00:00,289.0,332.7688944339752
2023-03-26 22:00:00,298.0,326.408744931221
2023-03-26 23:00:00,296.0,323.90538132190704
2023-03-27 00:00:00,306.0,325.6323537826538
2023-03-27 01:00:00,287.0,327.4870755672455
2023-03-27 02:00:00,304.0,331.7504532337189
2023-03-27 03:00:00,280.0,340.0754302740097
2023-03-27 04:00:00,278.0,349.98808193206787
2023-03-27 05:00:00,255.0,359.60377871990204
2023-03-27 06:00:00,331.0,367.185529589653
2023-03-27 07:00:00,351.0,373.95626842975616
2023-03-27 08:00:00,446.0,382.8033717870712
2023-03-27 09:00:00,518.0,390.4291205406189
2023-03-27 10:00:00,501.99999999999994,395.17418003082275
2023-03-27 11:00:00,477.00000000000006,400.33789801597595
2023-03-27 12:00:00,429.0,399.4240597486496
2023-03-27 13:00:00,426.0,392.94501972198486
2023-03-27 14:00:00,422.0,384.2803237438202
2023-03-27 15:00:00,445.0,374.0196372270584
2023-03-27 16:00:00,430.0,366.2866451740265
2023-03-27 17:00:00,417.0,361.14175522327423
2023-03-27 18:00:00,304.0,349.3155287504196
2023-03-27 19:00:00,374.0,341.30663073062897
2023-03-27 20:00:00,366.0,338.5867817401886
2023-03-27 21:00:00,180.0,336.63959777355194
2023-03-27 22:00:00,246.0,334.78401231765747
2023-03-27 23:00:00,259.0,337.1297435760498
2023-03-28 00:00:00,334.0,342.5095521211624
2023-03-28 01:00:00,323.0,350.0917718410492
2023-03-28 02:00:00,337.0,356.9244235754013
2023-03-28 03:00:00,316.0,361.4880380630493
2023-03-28 04:00:00,343.0,367.1343755722046
2023-03-28 05:00:00,318.0,395.29578495025635
2023-03-28 06:00:00,329.0,421.04530584812164
2023-03-28 07:00:00,422.0,441.96280789375305
2023-03-28 08:00:00,477.00000000000006,452.05150043964386
2023-03-28 09:00:00,468.0,453.955007314682
2023-03-28 10:00:00,470.0,446.10317409038544
2023-03-28 11:00:00,476.0,433.4571261405945
2023-03-28 12:00:00,410.0,415.8964923620224
2023-03-28 13:00:00,426.0,396.5149927139282
2023-03-28 14:00:00,395.99999999999994,375.8515087366104
2023-03-28 15:00:00,459.00000000000006,362.22104823589325
2023-03-28 16:00:00,541.0,353.339940905571
2023-03-28 17:00:00,424.0,346.88937735557556
2023-03-28 18:00:00,351.0,341.0281090736389
2023-03-28 19:00:00,365.0,333.7839056253433
2023-03-28 20:00:00,302.0,326.31003963947296
2023-03-28 21:00:00,301.0,321.7529890537262
2023-03-28 22:00:00,298.0,318.4273610115051
2023-03-28 23:00:00,366.0,316.8776385784149
2023-03-29 00:00:00,357.0,317.4554840326309
2023-03-29 01:00:00,346.0,319.8872616291046
2023-03-29 02:00:00,301.0,325.78907310962677
2023-03-29 03:00:00,332.0,332.9254903793335
2023-03-29 04:00:00,291.0,342.2649357318878
2023-03-29 05:00:00,230.99999999999997,343.7986432313919
2023-03-29 06:00:00,401.0,351.53343665599823
2023-03-29 07:00:00,418.00000000000006,361.78267335891724
2023-03-29 08:00:00,426.0,378.194402217865
2023-03-29 09:00:00,467.0,397.5259323120117
2023-03-29 10:00:00,452.0,417.93522548675537
2023-03-29 11:00:00,466.0,429.0788061618805
2023-03-29 12:00:00,467.0,432.6225975751877
2023-03-29 13:00:00,506.0,429.49887120723724
2023-03-29 14:00:00,464.0,421.91398644447327
2023-03-29 15:00:00,460.00000000000006,408.6503641605377
2023-03-29 16:00:00,450.0,393.94742131233215
2023-03-29 17:00:00,446.0,377.0257068872452
2023-03-29 18:00:00,350.0,358.9292514324188
2023-03-29 19:00:00,332.0,343.4978882074356
2023-03-29 20:00:00,255.0,330.89717066287994
2023-03-29 21:00:00,273.0,317.107177734375
2023-03-29 22:00:00,337.0,309.39950358867645
2023-03-29 23:00:00,342.0,306.11219787597656
2023-03-30 00:00:00,400.0,308.6679493188858
2023-03-30 01:00:00,284.0,313.2240128517151
2023-03-30 02:00:00,211.99999999999997,320.1942844390869
2023-03-30 03:00:00,326.0,327.1849386692047
2023-03-30 04:00:00,294.0,338.8073140382767
2023-03-30 05:00:00,306.0,349.9335472583771
2023-03-30 06:00:00,342.0,359.36042082309723
2023-03-30 07:00:00,312.0,372.96304643154144
2023-03-30 08:00:00,435.0,389.2685683965683
2023-03-30 09:00:00,477.00000000000006,405.2219098806381
2023-03-30 10:00:00,473.0,417.3782562017441
2023-03-30 11:00:00,434.0,424.6519478559494
2023-03-30 12:00:00,440.00000000000006,424.2851836681366
2023-03-30 13:00:00,436.00000000000006,424.67131876945496
2023-03-30 14:00:00,423.0,418.22850358486176
2023-03-30 15:00:00,446.0,412.7919148206711
2023-03-30 16:00:00,472.0,405.4745213985443
2023-03-30 17:00:00,511.0,391.21313667297363
2023-03-30 18:00:00,345.0,371.44481098651886
2023-03-30 19:00:00,228.0,351.13696217536926
2023-03-30 20:00:00,364.0,335.9587286710739
2023-03-30 21:00:00,324.0,325.28962433338165
2023-03-30 22:00:00,285.0,317.41711235046387
2023-03-30 23:00:00,258.0,313.848126411438
2023-03-31 00:00:00,273.0,311.3856761455536
2023-03-31 01:00:00,279.0,309.45391488075256
2023-03-31 02:00:00,385.0,309.16488111019135
2023-03-31 03:00:00,311.0,314.9288383126259
2023-03-31 04:00:00,274.0,322.39235258102417
2023-03-31 05:00:00,310.0,329.27480113506317
2023-03-31 06:00:00,345.0,346.1360092163086
2023-03-31 07:00:00,368.0,364.4308623075485
2023-03-31 08:00:00,479.00000000000006,384.98860824108124
2023-03-31 09:00:00,481.99999999999994,407.03226363658905
2023-03-31 10:00:00,440.00000000000006,426.7837847471237
2023-03-31 11:00:00,453.0,442.0679783821106
2023-03-31 12:00:00,456.00000000000006,449.6951336860657
2023-03-31 13:00:00,451.0,448.6774080991745
2023-03-31 14:00:00,387.0,438.22713339328766
2023-03-31 15:00:00,419.00000000000006,424.0958915948868
2023-03-31 16:00:00,325.0,405.8688243627548
2023-03-31 17:00:00,391.0,388.21565437316895
2023-03-31 18:00:00,361.0,367.90913808345795
2023-03-31 19:00:00,288.0,349.31767559051514
2023-03-31 20:00:00,320.0,331.18265104293823
2023-03-31 21:00:00,314.0,317.6091434955597
2023-03-31 22:00:00,256.0,310.7863622903824
2023-03-31 23:00:00,348.0,308.25602746009827
